Date,KSE100_Close,USDPKR_Close,KSE100_Return_1d,USDPKR_Return_1d
2018-01-03,41544.26953125,109.4000015258789,0.0013835325727575842,0.0026578765823948025
2018-01-04,41908.7109375,109.41000366210938,0.008772362839978731,9.142720375643343e-05
2018-01-05,42523.98828125,109.33000183105469,0.014681371246841435,-0.0007312113004013243
2018-01-08,43112.12109375,109.62999725341797,0.013830612702885325,0.0027439441812766585
2018-01-09,42814.33984375,110.44999694824219,-0.006907135219639371,0.0074797018641596935
2018-01-10,43630.73828125,109.33000183105469,0.019068341132420397,-0.010140291065035889
2018-01-11,43395.28125,110.4000015258789,-0.005396585997060388,0.009786880791218477
2018-01-12,42933.71875,108.56999969482422,-0.01063623709087036,-0.01657610331305759
2018-01-15,42933.71875,108.7300033569336,0.0,0.0014737373359041683
2018-01-16,42939.6796875,109.36000061035156,0.00013884046557222085,0.005794143603121693
2018-01-17,43358.96875,109.02999877929688,0.009764606199939907,-0.003017573420015629
2018-01-18,43580.87890625,109.63999938964844,0.005117975880134296,0.005594796085308218
2018-01-19,44178.828125,109.43000030517578,0.013720448824272147,-0.0019153510182570166
2018-01-22,44897.69140625,109.88999938964844,0.016271669298607128,0.004203592097138165
2018-01-23,44907.19921875,110.55000305175781,0.00021176617777451945,0.0060060393645933186
2018-01-24,45063.2109375,110.51000213623047,0.0034740914923250266,-0.00036183549907831125
2018-01-25,44816.7109375,110.44999694824219,-0.005470094005105008,-0.0005429842261184259
2018-01-26,44551.12890625,110.44999694824219,-0.005925959886265875,0.0
2018-01-29,44457.30078125,110.4000015258789,-0.0021060773835258617,-0.00045265209365930037
2018-01-30,44233.109375,110.4000015258789,-0.005042847908223735,0.0
2018-01-31,44049.05078125,110.47000122070312,-0.004161104574168295,0.0006340551979775455
2018-02-01,44255.48046875,110.44999694824219,0.004686359497850345,-0.00018108330080468527
2018-02-02,44301.19921875,110.44999694824219,0.0010330641429208143,0.0
2018-02-05,44301.19921875,110.44999694824219,0.0,0.0
2018-02-06,43885.51171875,110.44999694824219,-0.009383211004005187,0.0
2018-02-07,44096.48828125,110.45999908447266,0.0048074308407770605,9.05580489527491e-05
2018-02-08,43679.87109375,110.47000122070312,-0.009447854097650366,9.054984893519524e-05
2018-02-09,43808.80078125,110.44999694824219,0.0029516956957880147,-0.00018108330080468527
2018-02-12,43515.078125,110.70989990234375,-0.006704649545570596,0.002353127761727025
2018-02-13,43690.359375,110.45999908447266,0.004028057803239893,-0.0022572580960829036
2018-02-14,43353.0390625,110.44999694824219,-0.007720703544796592,-9.054984893508422e-05
2018-02-15,42942.3515625,110.55999755859375,-0.009473095978529522,0.000995931311823517
2018-02-16,43627.1015625,110.55000305175781,0.01594579651753314,-9.039894226336997e-05
2018-02-19,43627.1015625,110.55010223388672,0.0,8.971698433057895e-07
2018-02-20,43294.94921875,111.35900115966797,-0.007613440541635819,0.007317034624444663
2018-02-21,42919.78125,110.44999694824219,-0.0086653980549658,-0.008162826551599944
2018-02-22,43528.51171875,110.44999694824219,0.01418298162342091,0.0
2018-02-23,43267.19921875,110.44999694824219,-0.006003249127569887,0.0
2018-02-26,42911.01953125,109.56999969482422,-0.008232094841619575,-0.007967381419035635
2018-02-27,42994.9609375,110.30000305175781,0.0019561736627784487,0.006662438249217972
2018-02-28,43239.44140625,110.47000122070312,0.005686258654947762,0.001541234489953247
2018-03-01,43510.390625,110.44999694824219,0.006266251596646066,-0.00018108330080468527
2018-03-02,43740.48828125,110.44999694824219,0.005288338094528333,0.0
2018-03-05,43829.0703125,110.44999694824219,0.0020251724370432544,0.0
2018-03-06,43705.1015625,110.4000015258789,-0.002828459493119717,-0.00045265209365930037
2018-03-07,43441.1796875,110.44999694824219,-0.006038697213014865,0.0004528570803647991
2018-03-08,43072.73828125,110.47000122070312,-0.008481385839437028,0.0001811160979054982
2018-03-09,43011.26171875,110.47000122070312,-0.0014272731419715523,0.0
2018-03-12,43410.9296875,110.6759033203125,0.009292170300964964,0.0018638734256732903
2018-03-13,43618.0703125,110.44999694824219,0.004771623793619062,-0.0020411522769911983
2018-03-14,43407.71875,110.44999694824219,-0.004822578371600161,0.0
2018-03-15,43495.0703125,110.44999694824219,0.0020123509139720053,0.0
2018-03-16,43363.2109375,110.44999694824219,-0.0030315935588246523,0.0
2018-03-19,43539.6015625,110.44999694824219,0.004067748240651037,0.0
2018-03-20,44309.73828125,110.71499633789062,0.017688189397978116,0.002399270230605932
2018-03-21,44645.94921875,110.4000015258789,0.007587743700175897,-0.002845096169722061
2018-03-22,45030.21875,114.9000015258789,0.008607041354798062,0.04076086900184639
2018-03-23,45030.21875,115.55000305175781,0.0,0.0056571063293895385
2018-03-25,45030.21875,114.18000030517578,0.0,-0.011856362703585366
2018-03-26,45083.5703125,115.30000305175781,0.0011847946552558941,0.00980909742151459
2018-03-27,45004.19140625,115.55000305175781,-0.0017607058558091193,0.0021682566642065026
2018-03-28,45172.98828125,115.5,0.0037506923183283636,-0.00043273951049060955
2018-03-29,45489.62109375,115.3499984741211,0.007009339531151237,-0.001298714509774035
2018-04-01,45489.62109375,114.33000183105469,0.0,-0.008842623810656036
2018-04-02,45741.4296875,115.67489624023438,0.005535517502575971,0.011763267625649387
2018-04-03,46013.33984375,115.67489624023438,0.005944504973011577,0.0
2018-04-04,46103.609375,115.67500305175781,0.001961812195257595,9.233768683003518e-07
2018-04-05,46560.8203125,115.43000030517578,0.009917031306184931,-0.0021180267137957953
2018-04-06,46637.62109375,115.43000030517578,0.0016494722544522222,0.0
2018-04-08,46637.62109375,115.44999694824219,0.0,0.00017323609991803934
2018-04-09,46580.62109375,114.0,-0.0012221892683037527,-0.012559523486971091
2018-04-10,46476.73046875,115.7300033569336,-0.0022303400547387664,0.015175468043277185
2018-04-11,46486.48828125,115.44999694824219,0.00020995049353911277,-0.0024194798286474306
2018-04-12,46331.7109375,115.44999694824219,-0.0033295124986334468,0.0
2018-04-13,46071.859375,115.44999694824219,-0.0056085034902020325,0.0
2018-04-15,46071.859375,115.44999694824219,0.0,0.0
2018-04-16,45682.23828125,115.72489929199219,-0.0084568128796082,0.0023811377307636494
2018-04-17,45801.73046875,115.4000015258789,0.002615725323359408,-0.002807500962204501
2018-04-18,45478.62890625,115.5,-0.007054352732817515,0.0008665378925378775
2018-04-19,45387.76953125,115.5999984741211,-0.001997847718481105,0.0008657876547280008
2018-04-20,45259.33984375,115.5999984741211,-0.002829610021077955,0.0
2018-04-22,45259.33984375,114.37999725341797,0.0,-0.010553643917013078
2018-04-23,45371.94921875,115.5,0.0024880914169045365,0.009791945912540845
2018-04-24,45876.69921875,115.55000305175781,0.01112471491067013,0.0004329268550460341
2018-04-25,45718.33984375,115.4000015258789,-0.003451847619745041,-0.0012981525046928954
2018-04-26,45460.87109375,115.4000015258789,-0.005631629470360111,0.0
2018-04-27,45542.78125,115.4000015258789,0.0018017726954919766,0.0
2018-04-29,45542.78125,115.44999694824219,0.0,0.0004332358899672428
2018-04-30,45488.859375,115.5999984741211,-0.0011839829171610416,0.001299277001680199
2018-05-01,45488.859375,115.5,0.0,-0.0008650387148878558
2018-05-02,45196.37109375,115.5,-0.0064298882246923705,0.0
2018-05-03,44746.62890625,115.4000015258789,-0.009950847305132293,-0.0008657876547281118
2018-05-04,44536.91015625,115.4000015258789,-0.004686805579016684,0.0
2018-05-06,44536.91015625,114.3499984741211,0.0,-0.009098813153155305
2018-05-07,44378.51953125,115.3499984741211,-0.0035563900693674766,0.00874508100869198
2018-05-08,44066.9609375,115.55000305175781,-0.007020481914242538,0.0017338931970736216
2018-05-09,43795.0,115.5,-0.006171538307025992,-0.00043273951049060955
2018-05-10,43855.78125,115.54989624023438,0.0013878582029911435,0.00043200207995131024
2018-05-11,43594.7890625,115.54989624023438,-0.005951146691748899,0.0
2018-05-13,43594.7890625,114.25,0.0,-0.011249653028954865
2018-05-14,42498.859375,115.54989624023438,-0.025139006543392406,0.011377647616931164
2018-05-15,42459.53125,115.57599639892578,-0.0009253924829599747,0.00022587782023753
2018-05-16,42301.19921875,115.57599639892578,-0.0037290103444088674,0.0
2018-05-17,41869.6484375,114.44999694824219,-0.010201856902882223,-0.009742502645593065
2018-05-18,41623.51953125,114.44999694824219,-0.005878456481845151,0.0
2018-05-20,41623.51953125,114.33000183105469,0.0,-0.001048450156287628
2018-05-21,41648.6484375,115.44999694824219,0.0006037189198075943,0.00979616110601067
2018-05-22,42744.8203125,115.49009704589844,0.026319506541610194,0.0003473373643676503
2018-05-23,42772.25,115.55000305175781,0.0006417078677478649,0.0005187111916233889
2018-05-24,42536.16015625,115.4000015258789,-0.005519696619887937,-0.0012981525046928954
2018-05-25,42074.08984375,115.4000015258789,-0.01086300011102681,0.0
2018-05-27,42074.08984375,115.4000015258789,0.0,0.0
2018-05-28,42074.08984375,115.72509765625,0.0,0.0028171241427425997
2018-05-29,42622.73828125,115.7249984741211,0.013040054806592538,-8.57049429314749e-07
2018-05-30,42546.48046875,115.4000015258789,-0.0017891345224421151,-0.0028083556061991866
2018-05-31,42846.640625,115.4000015258789,0.007054876289249501,0.0
2018-06-01,42912.80859375,115.4000015258789,0.001544297704203057,0.0
2018-06-03,42912.80859375,114.80999755859375,0.0,-0.005112685957398777
2018-06-04,43268.2890625,115.5,0.008283784734653077,0.006009950841207035
2018-06-05,43702.578125,115.4000015258789,0.010037121224568901,-0.0008657876547281118
2018-06-06,44144.19921875,115.5,0.010105149689037862,0.0008665378925378775
2018-06-07,43948.109375,115.5,-0.004442029694055716,0.0
2018-06-10,43948.109375,113.9800033569336,0.0,-0.013160144095813009
2018-06-11,43931.16015625,115.7300033569336,-0.0003856643434959617,0.015353570349702528
2018-06-12,43228.8984375,115.5,-0.01598550359818096,-0.001987413378224945
2018-06-13,43507.5,118.81999969482422,0.00644479902495787,0.028744586102374292
2018-06-14,43680.6796875,115.4000015258789,0.0039804559558695995,-0.028783017823002743
2018-06-17,43680.6796875,119.82499694824219,0.0,0.03834484717377551
2018-06-18,43680.6796875,120.30000305175781,0.0,0.003964165371277195
2018-06-19,43682.83984375,120.5,4.945335707806642e-05,0.0016624849806208264
2018-06-20,43002.828125,121.25,-0.015567021768327027,0.006224066390041472
2018-06-21,42358.609375,121.30000305175781,-0.014980846099874934,0.0004123963031572586
2018-06-22,41637.37890625,121.30000305175781,-0.017026773999234912,0.0
2018-06-24,41637.37890625,121.19999694824219,0.0,-0.0008244526051079948
2018-06-25,40978.23046875,121.30000305175781,-0.015830689990936397,0.0008251328880670705
2018-06-26,41246.08984375,121.25,0.00653662620215556,-0.0004122263025539974
2018-06-27,41717.98828125,121.30000305175781,0.011441046637091334,0.0004123963031572586
2018-06-28,41997.8515625,121.68489837646484,0.0067084558191838894,0.0031730858616945135
2018-06-29,41910.8984375,121.68489837646484,-0.0020704184086797195,0.0
2018-07-01,41910.8984375,121.68489837646484,0.0,0.0
2018-07-02,41734.05078125,121.66490173339844,-0.004219610240847604,-0.00016433134541105066
2018-07-03,41564.421875,121.44999694824219,-0.004064520531187221,-0.0017663663233556948
2018-07-04,41564.421875,121.70500183105469,0.0,0.00209966973421305
2018-07-05,40238.80859375,121.30000305175781,-0.031892980136632776,-0.003327708583900857
2018-07-06,40284.140625,121.30000305175781,0.0011265748871363002,0.0
2018-07-08,40284.140625,119.87000274658203,0.0,-0.011788955228349107
2018-07-09,39288.48046875,121.30000305175781,-0.02471593388372051,0.011929592662135446
2018-07-10,39452.80859375,121.58999633789062,0.0041826032220997345,0.002390711284723235
2018-07-11,39586.76171875,121.4000015258789,0.0033952747541836636,-0.0015625858848102858
2018-07-12,39875.12109375,121.30000305175781,0.007284237519822767,-0.000823710649622833
2018-07-13,40271.0,121.30000305175781,0.009927967499314905,0.0
2018-07-15,40271.0,121.4000015258789,0.0,0.0008243897082049756
2018-07-16,39665.76953125,121.5,-0.015028940645874234,0.000823710649622722
2018-07-17,39932.98046875,127.5999984741211,0.006736562548962599,0.05020574875819839
2018-07-18,40897.8984375,128.10000610351562,0.024163434770542835,0.0039185551361580195
2018-07-19,41795.58984375,128.0,0.021949572974314213,-0.0007806877341973717
2018-07-20,41221.75,128.0,-0.013729674491860577,0.0
2018-07-22,41221.75,126.94999694824219,0.0,-0.00820314884185791
2018-07-23,40463.98046875,128.22000122070312,-0.01838275985978277,0.010003972453648258
2018-07-24,41339.21875,128.22000122070312,0.021630058909452465,0.0
2018-07-25,41339.21875,129.08999633789062,0.0,0.006785174769184277
2018-07-26,42089.16015625,128.9499969482422,0.018141160595832595,-0.001084509982338111
2018-07-27,42786.44921875,128.9499969482422,0.016566951203383917,0.0
2018-07-29,42786.44921875,128.9499969482422,0.0,0.0
2018-07-30,43556.62890625,121.54000091552734,0.018000551613020832,-0.057464103978917214
2018-07-31,42712.4296875,123.75,-0.019381647293389648,0.01818330646556965
2018-08-01,42810.0390625,123.01000213623047,0.0022852686141749956,-0.005979780717329519
2018-08-02,42330.3203125,122.87999725341797,-0.011205753615399439,-0.0010568643244841525
2018-08-03,42505.05078125,122.87999725341797,0.0041277851776235774,0.0
2018-08-05,42505.05078125,124.05000305175781,0.0,0.00952153177483317
2018-08-06,42808.66015625,123.75,0.007142901123974976,-0.0024184042271457873
2018-08-07,42760.12890625,123.55000305175781,-0.0011336783216961965,-0.0016161369554924532
2018-08-08,42731.859375,123.44999694824219,-0.0006611189435836717,-0.0008094382925569743
2018-08-09,42923.94921875,123.44999694824219,0.004495237196778357,0.0
2018-08-10,42842.1796875,123.44999694824219,-0.0019049862078925894,0.0
2018-08-12,42842.1796875,123.5999984741211,0.0,0.001215079219011983
2018-08-13,42637.578125,123.9000015258789,-0.0047757038505605864,0.002427209186581125
2018-08-14,42637.578125,123.5999984741211,0.0,-0.0024213321070472027
2018-08-15,42446.55859375,123.05000305175781,-0.004480074611414198,-0.004449801206740656
2018-08-16,41960.80078125,123.01000213623047,-0.011443985769237996,-0.0003250785415300772
2018-08-17,42446.62109375,123.01000213623047,0.011577956174684934,0.0
2018-08-19,42446.62109375,123.19999694824219,0.0,0.0015445476685815862
2018-08-20,42425.1015625,123.69999694824219,-0.0005069786639193552,0.004058441658972178
2018-08-21,42425.1015625,122.41000366210938,0.0,-0.01042840192366834
2018-08-22,42425.1015625,122.36000061035156,0.0,-0.0004084882792408928
2018-08-23,42425.1015625,123.69999694824219,0.0,0.010951261288055791
2018-08-24,42588.2890625,123.69999694824219,0.0038464846043937406,0.0
2018-08-26,42588.2890625,120.69999694824219,0.0,-0.02425222371877056
2018-08-27,42745.78125,123.0,0.003698016308400609,0.019055535293377668
2018-08-28,42544.46875,123.02999877929688,-0.00470952908364497,0.0002438925146086568
2018-08-29,42249.44140625,122.94999694824219,-0.006934564055403825,-0.0006502627964599661
2018-08-30,41863.51953125,122.97000122070312,-0.009134366328992671,0.0001627025047374886
2018-08-31,41742.23828125,122.97000122070312,-0.002897062916782822,0.0
2018-09-02,41742.23828125,122.94000244140625,0.0,-0.00024395201267857214
2018-09-03,41742.23828125,123.05999755859375,0.0,0.0009760461591392655
2018-09-04,41753.890625,123.13999938964844,0.00027914995050082325,0.0006501042795534762
2018-09-05,41620.9609375,123.05000305175781,-0.0031836479310124455,-0.0007308456905692484
2018-09-06,41266.390625,123.06999969482422,-0.00851903234604412,0.00016250826956909492
2018-09-07,40854.76953125,123.06999969482422,-0.00997472973807001,0.0
2018-09-09,40854.76953125,123.16999816894531,0.0,0.0008125333092472431
2018-09-10,40684.05078125,123.2300033569336,-0.00417867367650715,0.00048717373451578894
2018-09-11,40759.53125,122.9800033569336,0.0018552840068910559,-0.002028726715813556
2018-09-12,40522.0390625,123.12999725341797,-0.005826666308877182,0.0012196608585952617
2018-09-13,41049.91015625,123.5,0.013026765334681834,0.0030049764869279905
2018-09-14,40920.30859375,123.5,-0.0031571704300129566,0.0
2018-09-16,40920.30859375,123.25,0.0,-0.002024291497975672
2018-09-17,40520.46875,123.80000305175781,-0.009771183490318802,0.004462499405742948
2018-09-18,41238.0703125,123.08000183105469,0.017709606641705067,-0.005815841703995073
2018-09-19,41320.12890625,123.47000122070312,0.0019898747232391933,0.0031686657771079485
2018-09-20,41320.12890625,123.6500015258789,0.0,0.0014578464679371184
2018-09-23,41320.12890625,121.79000091552734,0.0,-0.015042463302859521
2018-09-24,41004.55078125,121.94000244140625,-0.007637394494000915,0.0012316407320083211
2018-09-25,41036.30078125,123.0,0.0007743043002563788,0.008692779542161189
2018-09-26,40909.91015625,123.69999694824219,-0.0030799712107030253,0.005691032099530036
2018-09-27,40851.80078125,123.69999694824219,-0.001420422943439803,0.0
2018-09-28,40998.58984375,123.69999694824219,0.003593209104441053,0.0
2018-09-30,40998.58984375,123.0999984741211,0.0,-0.00485043240843519
2018-10-01,40929.44140625,123.19999694824219,-0.0016866052652916297,0.000812335299436473
2018-10-02,40800.25,123.30000305175781,-0.0031564419599010574,0.0008117378733185632
2018-10-03,40560.19140625,122.75,-0.005883753010091808,-0.004460689684873231
2018-10-04,40087.12109375,122.4000015258789,-0.011663414202406908,-0.0028513113981352145
2018-10-05,39226.3515625,122.4000015258789,-0.021472470653029818,0.0
2018-10-07,39226.3515625,121.44999694824219,0.0,-0.007761475210732449
2018-10-08,37898.2890625,122.91999816894531,-0.03385638600327068,0.012103756752909423
2018-10-09,38504.83984375,122.9000015258789,0.016004700904827196,-0.000162680144519034
2018-10-10,38792.08984375,132.75,0.007460101150027931,0.08014644712634111
2018-10-11,38398.30078125,131.05999755859375,-0.010151272181677662,-0.012730715189500974
2018-10-12,37517.9296875,131.05999755859375,-0.02292734511262251,0.0
2018-10-14,37517.9296875,132.5,0.0,0.010987352878306433
2018-10-15,36767.5703125,132.9499969482422,-0.02000002082337715,0.0033962033829599836
2018-10-16,36663.37890625,132.8300018310547,-0.002833785462690086,-0.0009025582545459931
2018-10-17,37647.33984375,132.89999389648438,0.026837704730271472,0.000526929642888252
2018-10-18,37982.25,132.75,0.008895984620427289,-0.0011286222977647808
2018-10-19,38430.26953125,132.75,0.011795497403392474,0.0
2018-10-21,38430.26953125,133.2899932861328,0.0,0.004067746034898789
2018-10-22,38345.421875,132.9499969482422,-0.0022078340143049102,-0.0025508016731665695
2018-10-23,37714.8984375,132.75,-0.016443252066841385,-0.001504302014538994
2018-10-24,39271.12109375,132.5500030517578,0.04126280914766145,-0.001506568348340398
2018-10-25,39631.91015625,132.25,0.00918713427199358,-0.0022633198404429233
2018-10-26,40556.44921875,132.25,0.02332814792057647,0.0
2018-10-29,41453.76171875,131.49000549316406,0.022125026161934125,-0.005746650335243353
2018-10-30,41609.03125,133.1999969482422,0.003745607752161373,0.013004725710251908
2018-10-31,41649.359375,132.0500030517578,0.000969215667572243,-0.008633588009249182
2018-11-01,41716.1015625,131.25,0.00160247812935288,-0.006058334216351713
2018-11-02,42004.08984375,132.10000610351562,0.006903528145326021,0.006476236979166661
2018-11-05,41493.9609375,132.35000610351562,-0.012144743717757422,0.0018925055900762544
2018-11-06,40958.53125,133.60000610351562,-0.012903797935957195,0.009444653890097632
2018-11-07,41543.98046875,133.64999389648438,0.014293706363066816,0.0003741601099180869
2018-11-08,41367.37890625,133.5800018310547,-0.004250954302100207,-0.0005236967349501187
2018-11-09,41388.87890625,132.1999969482422,0.0005197331948134654,-0.010330924269321806
2018-11-12,41096.328125,133.9499969482422,-0.007068342728312582,0.013237519216321436
2018-11-13,41152.28125,133.8000030517578,0.0013615115401506284,-0.0011197752885528933
2018-11-14,40994.05078125,132.9499969482422,-0.0038449987204536296,-0.006352810793186725
2018-11-15,41428.62890625,133.5,0.010601004699900773,0.004136916618147302
2018-11-16,41660.75,133.75,0.00560291517914524,0.001872659176029856
2018-11-19,41352.76953125,131.97000122070312,-0.00739258099650153,-0.013308402088200944
2018-11-20,41419.23828125,133.25,0.001607359089933924,0.009699164715140318
2018-11-21,41419.23828125,134.35000610351562,0.0,0.008255205279666944
2018-11-22,41419.23828125,133.5500030517578,0.0,-0.005954618648408627
2018-11-23,40869.28125,134.3800048828125,-0.013277816156724409,0.006214914354835344
2018-11-26,40771.55078125,133.07000732421875,-0.0023912940419034134,-0.009748455953221269
2018-11-27,40894.21875,133.89999389648438,0.0030086657583408005,0.00623721745384298
2018-11-28,40704.80078125,133.5,-0.004631900902862918,-0.002987258511703894
2018-11-29,40638.828125,133.5,-0.0016207586079229896,0.0
2018-11-30,40496.03125,133.5,-0.003513803955192185,0.0
2018-12-03,39160.6015625,138.14999389648438,-0.03297680405410097,0.03483141495493913
2018-12-04,39602.87109375,139.10000610351562,0.011293736909126384,0.006876672088332425
2018-12-05,39602.87109375,137.1999969482422,0.0,-0.01365930317687758
2018-12-06,38300.62109375,139.0399932861328,-0.03288271693527589,0.01341105232374562
2018-12-07,38562.05078125,138.25,0.006825729714933004,-0.005681770168868394
2018-12-10,39299.62109375,138.0,0.01912684355622063,-0.001808318264014508
2018-12-11,38851.9609375,138.39999389648438,-0.0113909534949993,0.002898506496263664
2018-12-12,38307.44140625,138.25,-0.014015239336978458,-0.0010837709761502001
2018-12-13,38011.62890625,138.39999389648438,-0.007722063628915143,0.0010849468100135873
2018-12-14,38585.66015625,138.39999389648438,0.015101464118145502,0.0
2018-12-17,38309.171875,138.39999389648438,-0.0071655708397985185,0.0
2018-12-18,38115.80859375,139.07000732421875,-0.0050474409073871795,0.004841137697126685
2018-12-19,38063.1484375,139.14999389648438,-0.0013815830804291274,0.0005751532900919454
2018-12-20,38236.51953125,138.4499969482422,0.004554827986304799,-0.005030520869177546
2018-12-21,38251.0390625,138.9499969482422,0.00037972941648445335,0.003611412141720116
2018-12-24,38308.921875,138.5,0.0015132350367115244,-0.0032385531351238894
2018-12-25,38308.921875,139.10000610351562,0.0,0.004332174032603886
2018-12-26,38218.0703125,139.10000610351562,-0.0023715510135327023,0.0
2018-12-27,37853.5703125,137.5,-0.009537373211665812,-0.011502559549314006
2018-12-28,37167.01953125,137.5,-0.018137015229532705,0.0
2018-12-31,37066.671875,138.5,-0.0026999113061951796,0.0072727272727273196
2019-01-01,37066.671875,139.75,0.0,0.00902527075812265
2019-01-02,37795.25,139.75,0.01965588190536738,0.0
2019-01-03,37542.01171875,138.39999389648438,-0.0067002673947123,-0.009660151009056372
2019-01-04,37547.48828125,138.5500030517578,0.00014587823745371153,0.0010838812275211218
2019-01-07,38562.3984375,138.5,0.027030041227999124,-0.0003609025669897292
2019-01-08,39052.5,138.5500030517578,0.01270931224089522,0.0003610328646772576
2019-01-09,38921.69140625,138.60000610351562,-0.0033495574867166145,0.0003609025669897292
2019-01-10,39090.28125,139.8300018310547,0.00433151380782304,0.008874427657820094
2019-01-11,39049.078125,139.80999755859375,-0.0010540503593844397,-0.00014306137594921609
2019-01-14,39412.55078125,139.82000732421875,0.00930809826256307,7.15954924526141e-05
2019-01-15,39614.171875,139.80999755859375,0.005115657062366941,-7.159036690496112e-05
2019-01-16,39271.94140625,138.5,-0.008639091833848922,-0.00936984179578959
2019-01-17,39243.890625,139.8300018310547,-0.0007142702969488157,0.009602901307254053
2019-01-18,39306.5,138.5500030517578,0.0015953916393833811,-0.009153963831334266
2019-01-21,39306.5,138.5500030517578,0.0,0.0
2019-01-22,39902.2109375,139.8000030517578,0.015155532481905043,0.009022013514738303
2019-01-23,40057.8515625,139.82000732421875,0.0039005514066321467,0.00014309207456553175
2019-01-24,40289.16015625,138.64999389648438,0.005774363445056441,-0.008367997185276255
2019-01-25,40264.78125,138.5500030517578,-0.0006050983975702806,-0.0007211745339218423
2019-01-28,40420.08984375,137.80999755859375,0.003857182106260737,-0.005341071648245488
2019-01-29,40624.390625,138.39999389648438,0.005054436594271738,0.004281230305078321
2019-01-30,40607.12109375,138.5,-0.0004251025303840805,0.0007225874850140812
2019-01-31,40799.51953125,138.25,0.004738046734606094,-0.0018050541516245744
2019-02-01,41112.7109375,137.60000610351562,0.00767635035530545,-0.004701583338042492
2019-02-04,41614.390625,137.6999969482422,0.012202544567364138,0.0007266776183958434
2019-02-05,41614.390625,139.5500030517578,0.0,0.013435048253566784
2019-02-06,41505.6796875,138.10000610351562,-0.0026123400070814373,-0.010390518928934722
2019-02-07,41332.75,138.0,-0.004166410207036786,-0.0007241571259646307
2019-02-08,40887.3515625,138.0500030517578,-0.010775920728719912,0.0003623409547668377
2019-02-11,40326.53125,138.24000549316406,-0.013716229862497542,0.0013763305846143936
2019-02-12,40596.28125,138.5,0.006689144631054855,0.0018807472258730584
2019-02-13,40544.109375,138.5,-0.0012851392638334458,0.0
2019-02-14,40506.98046875,139.85000610351562,-0.0009157657381639872,0.009747336487477387
2019-02-15,40486.671875,138.5,-0.0005013603461672123,-0.00965324307899107
2019-02-18,40486.671875,138.5,0.0,0.0
2019-02-19,39957.0703125,139.60000610351562,-0.01308088657262596,0.007942282335852813
2019-02-20,40279.37890625,138.5,0.008066372014496004,-0.007879699537405083
2019-02-21,40070.7109375,138.5500030517578,-0.00518051604608083,0.0003610328646772576
2019-02-22,40016.12890625,139.75,-0.0013621428213523856,0.008661110947748574
2019-02-25,39606.7890625,138.27999877929688,-0.01022937137945057,-0.01051879227694541
2019-02-26,38821.671875,139.72000122070312,-0.019822793164603003,0.010413671204210662
2019-02-27,38692.69140625,138.3000030517578,-0.003322383156637354,-0.010163170315911074
2019-02-28,39054.6015625,138.39999389648438,0.009353450046939438,0.0007229995843827108
2019-03-01,39539.01171875,139.7899932861328,0.01240340796909134,0.010043348634018567
2019-03-04,39749.73828125,138.25,0.0053295859795117195,-0.011016477288046223
2019-03-05,39688.51171875,139.7100067138672,-0.001540301022029178,0.010560627225079111
2019-03-06,39568.1015625,138.4499969482422,-0.003033879352878688,-0.009018751020501758
2019-03-07,39294.1015625,138.39999389648438,-0.0069247699328511825,-0.0003611632564824996
2019-03-08,38950.23046875,139.77999877929688,-0.008751214051886391,0.009971133986065528
2019-03-11,38924.109375,138.02000427246094,-0.0006706274503550658,-0.012591175577378877
2019-03-12,38896.48828125,139.69000244140625,-0.0007096140205520296,0.01209968205513623
2019-03-13,38928.9296875,139.82000732421875,0.0008340446061718687,0.0009306670523328009
2019-03-14,38808.609375,138.75,-0.003090768574062097,-0.007652748306167578
2019-03-15,38306.94921875,139.80999755859375,-0.012926517191135467,0.007639622043918992
2019-03-18,38851.94921875,138.60000610351562,0.01422718360806563,-0.008654541708085106
2019-03-19,38612.37109375,138.92999267578125,-0.006166437715932616,0.0023808553949065114
2019-03-20,38547.76171875,139.10000610351562,-0.0016732817273285017,0.0012237345188028659
2019-03-21,38384.7109375,140.08999633789062,-0.004229837842197992,0.007117111365460893
2019-03-22,38531.87109375,140.1300048828125,0.0038338221822125096,0.0002855917336550551
2019-03-25,38128.66015625,138.57000732421875,-0.010464348759990583,-0.011132501992691335
2019-03-26,38329.12890625,139.89999389648438,0.005257691961335187,0.009597939683684942
2019-03-27,38965.01171875,140.5399932861328,0.016590066892866684,0.00457469204839267
2019-03-28,38552.94921875,140.52000427246094,-0.010575192507942033,-0.00014223007419089662
2019-03-29,38649.33984375,140.52000427246094,0.002500214042071791,0.0
2019-03-31,38649.33984375,140.5,0.0,-0.00014235889448277472
2019-04-01,38354.8515625,140.7899932861328,-0.007619490590021649,0.002064009153970092
2019-04-02,38036.03125,140.25999450683594,-0.008312385513485232,-0.0037644634176502434
2019-04-03,38022.80078125,141.25,-0.00034784041118907094,0.0070583597029572065
2019-04-04,37516.109375,141.52000427246094,-0.013325988507923436,0.001911534672289772
2019-04-05,37521.80859375,141.52000427246094,0.00015191390698410245,0.0
2019-04-07,37521.80859375,141.38999938964844,0.0,-0.0009186325529090267
2019-04-08,36921.91015625,141.5399932861328,-0.015987993649110077,0.0010608522323491965
2019-04-09,37129.96875,141.10000610351562,0.005635098316135734,-0.0031085714532126385
2019-04-10,36579.3203125,141.57000732421875,-0.014830296281894917,0.003330979449840177
2019-04-11,36787.640625,140.5399932861328,0.00569502961564905,-0.007275651513720893
2019-04-12,37337.87109375,140.5399932861328,0.014956938238003703,0.0
2019-04-14,37337.87109375,140.17999267578125,0.0,-0.0025615527789204506
2019-04-15,37504.078125,141.61000061035156,0.004451432992327753,0.01020122706011084
2019-04-16,37381.94921875,141.3000030517578,-0.0032564166980174614,-0.00218909368870579
2019-04-17,36752.5703125,141.60000610351562,-0.01683643896060716,0.0021231638023950783
2019-04-18,36811.859375,141.60000610351562,0.0016131949955031644,0.0
2019-04-21,36811.859375,141.25,0.0,-0.0024717944098092692
2019-04-22,36901.69140625,141.3000030517578,0.002440301380457033,0.0003540039062499556
2019-04-23,36404.03125,141.61000061035156,-0.013486106931285824,0.0021938963333227868
2019-04-24,36504.25,141.5399932861328,0.0027529574763784925,-0.0004943670921334631
2019-04-25,36796.03125,141.57000732421875,0.00799307614866751,0.00021205340899843605
2019-04-26,37130.62890625,141.57000732421875,0.00909330829666577,0.0
2019-04-28,37130.62890625,139.86000061035156,0.0,-0.012078877060103466
2019-04-29,37026.26953125,141.57000732421875,-0.002810600791693929,0.012226560177353685
2019-04-30,36784.44140625,141.58999633789062,-0.006531258159720887,0.00014119525773637065
2019-05-01,36784.44140625,141.58999633789062,0.0,0.0
2019-05-02,36547.62890625,141.4499969482422,-0.006437844125037118,-0.000988766108266148
2019-05-03,36122.94921875,141.4499969482422,-0.011619897109860777,0.0
2019-05-05,36122.94921875,141.39999389648438,0.0,-0.0003535033781308927
2019-05-06,35605.421875,141.4499969482422,-0.014326829756230786,0.00035362838696029186
2019-05-07,35631.05859375,141.44000244140625,0.0007200228897723537,-7.06575259920017e-05
2019-05-08,35035.03125,141.5399932861328,-0.016727747287714534,0.0007069488334319196
2019-05-09,34887.640625,141.0,-0.004206950008072252,-0.0038151286685536023
2019-05-10,34716.53125,141.0,-0.004904584315093663,0.0
2019-05-12,34716.53125,141.57000732421875,0.0,0.004042605136303168
2019-05-13,33900.37890625,141.1999969482422,-0.023509040631759515,-0.0026136212250746915
2019-05-14,33885.08984375,141.6300048828125,-0.0004509997526069842,0.0030453820386975305
2019-05-15,34291.6484375,141.5800018310547,0.011998155992051673,-0.0003530540848261099
2019-05-16,33971.12109375,141.1999969482422,-0.009347096402618105,-0.00268402936783374
2019-05-17,33166.62109375,141.1999969482422,-0.023681879611209267,0.0
2019-05-19,33166.62109375,147.39999389648438,0.0,0.04390932777792367
2019-05-20,33250.5390625,146.72000122070312,0.0025301934891948097,-0.004613247652227148
2019-05-21,33442.1015625,146.72000122070312,0.0057611847928218385,0.0
2019-05-22,34637.140625,150.92999267578125,0.03573456830356747,0.02869405275389325
2019-05-23,35581.33984375,151.5,0.027259733387706486,0.0037766338824596346
2019-05-24,35703.80859375,151.5,0.003441937558782193,0.0
2019-05-26,35703.80859375,150.0399932861328,0.0,-0.0096370080123247
2019-05-27,35703.80859375,150.82000732421875,0.0,0.005198707497929611
2019-05-28,34949.28125,150.39999389648438,-0.021132965178456642,-0.0027848654511166693
2019-05-29,35959.4296875,149.5,0.02890326786047992,-0.005984002214147743
2019-05-30,35974.7890625,150.72000122070312,0.0004271306617895654,0.008160543282295096
2019-06-02,35974.7890625,144.72999572753906,0.0,-0.03974260512639427
2019-06-03,35505.2890625,146.4499969482422,-0.013050806196092668,0.011884206947266884
2019-06-04,35505.2890625,148.1999969482422,0.0,0.01194947105815558
2019-06-05,35505.2890625,151.16000366210938,0.0,0.019973055160729558
2019-06-06,35505.2890625,147.89999389648438,0.0,-0.021566616079953027
2019-06-09,35505.2890625,149.49000549316406,0.0,0.010750585951967873
2019-06-10,34567.55078125,151.1999969482422,-0.02641122790464534,0.011438834652770957
2019-06-11,34659.8515625,150.0500030517578,0.002670156813657343,-0.007605779892165154
2019-06-12,34937.9296875,151.85000610351562,0.008023061625020533,0.011996021427183257
2019-06-13,35403.0703125,151.0,0.013313342523739058,-0.0055976692087597035
2019-06-14,35572.94921875,151.0,0.0047984229828230696,0.0
2019-06-16,35572.94921875,154.9499969482422,0.0,0.02615892018703425
2019-06-17,35168.8203125,157.07000732421875,-0.011360567935058574,0.013681900082158194
2019-06-18,34681.71875,156.9499969482422,-0.013850381052641358,-0.0007640566013907835
2019-06-19,34656.12109375,156.16000366210938,-0.0007380734626942775,-0.00503340746411951
2019-06-20,34995.91015625,157.07000732421875,0.009804590120770396,0.00582737987172699
2019-06-21,35125.25,157.07000732421875,0.0036958559778135225,0.0
2019-06-23,35125.25,157.08999633789062,0.0,0.00012726181154754101
2019-06-24,34471.94921875,157.1999969482422,-0.018599178119728665,0.0007002394354569397
2019-06-25,34190.62109375,156.5,-0.008161073898512838,-0.0044529068818790485
2019-06-26,34088.55859375,156.85000610351562,-0.0029851022512912273,0.002236460725339562
2019-06-27,33774.421875,163.0,-0.009215312459928904,0.03920939532782408
2019-06-28,33901.578125,163.0,0.0037648682920645715,0.0
2019-06-30,33901.578125,162.25,0.0,-0.004601226993865004
2019-07-01,33996.328125,162.7100067138672,0.0027948551436349778,0.002835172350491133
2019-07-02,34307.109375,155.10000610351562,0.009141612260515242,-0.04677032939795822
2019-07-03,34896.55078125,163.07000732421875,0.017181319469588896,0.05138620829830165
2019-07-04,34896.55078125,157.8800048828125,0.0,-0.03182683637885286
2019-07-05,34190.01953125,157.8800048828125,-0.020246449410685652,0.0
2019-07-07,34190.01953125,156.3000030517578,0.0,-0.010007611997652655
2019-07-08,33742.6796875,157.9499969482422,-0.013083930628969842,0.010556582624876798
2019-07-09,33855.578125,157.9499969482422,0.003345864600724724,0.0
2019-07-10,33840.05078125,157.9499969482422,-0.0004586347246138267,0.0
2019-07-11,33875.3984375,158.0,0.001044550922174814,0.00031657519926509003
2019-07-12,33672.48828125,158.0,-0.005989897259049748,0.0
2019-07-14,33672.48828125,157.9499969482422,0.0,-0.00031647501112541665
2019-07-15,32958.3515625,159.47000122070312,-0.021208314419331353,0.009623325747571965
2019-07-16,32972.01953125,159.0,0.00041470425861800386,-0.0029472704402419003
2019-07-17,32981.98828125,159.57000732421875,0.00030233968503368125,0.003584951724646235
2019-07-18,32309.5390625,159.69000244140625,-0.02038837722625353,0.0007519904222583751
2019-07-19,32458.76953125,159.69000244140625,0.004618774302577622,0.0
2019-07-21,32458.76953125,158.60000610351562,0.0,-0.006825701804911488
2019-07-22,32584.55078125,159.6199951171875,0.003875108385698489,0.006431204126222667
2019-07-23,32715.880859375,160.0,0.00403044003910491,0.0023806847164324907
2019-07-24,32401.400390625,160.0,-0.009612471389712995,0.0
2019-07-25,32446.400390625,160.3000030517578,0.0013888288610210964,0.001875019073486417
2019-07-26,32103.26953125,160.3000030517578,-0.010575313601632774,0.0
2019-07-28,32103.26953125,160.0,0.0,-0.0018715099566214422
2019-07-29,31734.23046875,161.07000732421875,-0.011495373146986454,0.006687545776367099
2019-07-30,31658.119140625,160.0,-0.00239839841712719,-0.00664311960987829
2019-07-31,31938.48046875,160.52000427246094,0.008855906027759763,0.0032500267028807706
2019-08-01,31839.109375,160.4499969482422,-0.0031113281625038125,-0.00043612834759165775
2019-08-02,31666.41015625,160.4499969482422,-0.005424122161080347,0.0
2019-08-04,31666.41015625,159.14999389648438,0.0,-0.008102231701364038
2019-08-05,31180.80078125,158.60000610351562,-0.01533515711455391,-0.0034557826833878647
2019-08-06,31000.669921875,158.25,-0.005776979899865808,-0.002206847982636151
2019-08-07,30277.44921875,159.6999969482422,-0.02332919594794547,0.009162697935179764
2019-08-08,29737.98046875,159.82000732421875,-0.01781750986030628,0.0007514738777074648
2019-08-09,29429.0703125,159.82000732421875,-0.010387731492883856,0.0
2019-08-11,29429.0703125,157.39999389648438,0.0,-0.015142118113065872
2019-08-12,29429.0703125,160.1999969482422,0.0,0.017789092505297477
2019-08-13,29429.0703125,160.1999969482422,0.0,0.0
2019-08-14,29429.0703125,160.1999969482422,0.0,0.0
2019-08-15,29429.0703125,160.1999969482422,0.0,0.0
2019-08-16,28764.630859375,160.1999969482422,-0.022577656924581135,0.0
2019-08-18,28764.630859375,159.72000122070312,0.0,-0.002996228069181206
2019-08-19,29562.419921875,159.91000366210938,0.027735070420345176,0.0011895970445410242
2019-08-20,30419.220703125,160.10000610351562,0.02898276878260564,0.0011881835848601696
2019-08-21,30972.75,160.10000610351562,0.01819669551291736,0.0
2019-08-22,31884.44921875,160.0399932861328,0.029435526995504002,-0.0003748458157085688
2019-08-23,31350.009765625,160.0399932861328,-0.01676175898345822,0.0
2019-08-25,31350.009765625,155.58999633789062,0.0,-0.027805530710602544
2019-08-26,30520.599609375,157.5,-0.026456456072924128,0.012275877029789717
2019-08-27,30584.849609375,159.4499969482422,0.002105135574737016,0.012380933004712213
2019-08-28,30637.7109375,156.5500030517578,0.001728350107982779,-0.01818748166816031
2019-08-29,30158.9609375,157.0500030517578,-0.01562616740449818,0.0031938677116134517
2019-08-30,29672.119140625,157.0500030517578,-0.016142525529440732,0.0
2019-09-01,29672.119140625,157.0,0.0,-0.0003183893714496788
2019-09-02,29672.119140625,156.6999969482422,0.0,-0.0019108474634255135
2019-09-03,29809.6796875,156.6999969482422,0.004636020306573396,0.0
2019-09-04,30244.73046875,156.6999969482422,0.014594278966118202,0.0
2019-09-05,30214.76953125,156.64999389648438,-0.0009906167797050225,-0.000319100527961913
2019-09-06,30467.19921875,156.64999389648438,0.008354513088008941,0.0
2019-09-08,30467.19921875,154.07000732421875,0.0,-0.016469752140370386
2019-09-09,30467.19921875,155.00999450683594,0.0,0.006101039384252882
2019-09-10,30467.19921875,156.4499969482422,0.0,0.009289739322858592
2019-09-11,30954.830078125,156.0500030517578,0.016005109490829117,-0.002556688426249676
2019-09-12,31546.609375,156.39999389648438,0.019117510752972855,0.0022428121620123864
2019-09-13,31481.310546875,156.39999389648438,-0.002069915893298746,0.0
2019-09-15,31481.310546875,156.60000610351562,0.0,0.001278850478495741
2019-09-16,31928.55078125,155.0,0.014206531640703846,-0.010217152242369631
2019-09-17,31908.919921875,155.69000244140625,-0.0006148371565466437,0.0044516286542337635
2019-09-18,31555.470703125,156.0,-0.011076815499094783,0.001991120519831746
2019-09-19,32184.029296875,156.64999389648438,0.019919163927659467,0.004166627541566603
2019-09-20,32111.099609375,156.64999389648438,-0.0022660210387976942,0.0
2019-09-22,32111.099609375,155.89999389648438,0.0,-0.004787743563498648
2019-09-23,31751.2109375,156.38999938964844,-0.01120760971293333,0.0031430757687485045
2019-09-24,31829.240234375,155.5,0.002457521920300687,-0.0056908970722033825
2019-09-25,31565.2109375,155.75,-0.008295180624193876,0.001607717041800738
2019-09-26,31433.890625,156.77999877929688,-0.004160286232840926,0.006613154281199796
2019-09-27,32070.810546875,156.77999877929688,0.02026220455728267,0.0
2019-09-29,32070.810546875,155.36000061035156,0.0,-0.00905726610538049
2019-09-30,32078.849609375,155.72999572753906,0.00025066602193457577,0.0023815339581225725
2019-10-01,32254.3203125,154.88999938964844,0.005469981163966686,-0.005393927701380363
2019-10-02,32363.349609375,154.8699951171875,0.0033803005556667376,-0.00012915147872527566
2019-10-03,32752.25,156.0,0.012016691576089089,0.007296473935815895
2019-10-04,33033.3203125,156.0,0.008581710035188372,0.0
2019-10-06,33033.3203125,155.64999389648438,0.0,-0.0022436288686898953
2019-10-07,33636.8203125,155.0,0.018269432024719423,-0.004175996928831638
2019-10-08,33476.62109375,156.0,-0.004762614815005839,0.006451612903225712
2019-10-09,33523.73828125,156.25,0.0014074654478435367,0.0016025641025640969
2019-10-10,34027.69921875,155.75,0.015032957639508515,-0.0031999999999999806
2019-10-11,34475.69140625,155.75,0.013165515088752855,0.0
2019-10-13,34475.69140625,155.40289306640625,0.0,-0.0022286159460273014
2019-10-14,34186.26171875,155.36827087402344,-0.008395181523394468,-0.0002227898831201891
2019-10-15,34083.53125,155.8000030517578,-0.0030050220054816945,0.0027787667025298557
2019-10-16,34281.08984375,155.35000610351562,0.005796306500665205,-0.0028882987126302995
2019-10-17,33898.55859375,155.25,-0.011158666534335504,-0.0006437470201898776
2019-10-18,33870.1484375,155.25,-0.0008380933416808345,0.0
2019-10-20,33870.1484375,155.5,0.0,0.0016103059581320522
2019-10-21,33084.73046875,155.75,-0.023189091426608854,0.001607717041800738
2019-10-22,33198.9609375,155.6999969482422,0.0034526643297849713,-0.00032104688127010395
2019-10-23,33439.69140625,155.5500030517578,0.00725114467296728,-0.0009633519551978109
2019-10-24,33762.48046875,155.5,0.009652872048923067,-0.00032145966426744277
2019-10-25,33657.4609375,155.5,-0.0031105395632055055,0.0
2019-10-28,33861.58984375,155.10000610351562,0.006064893208345579,-0.002572308015976743
2019-10-29,33797.51171875,155.14999389648438,-0.0018923542956984507,0.0003222939458518148
2019-10-30,33761.41015625,155.5,-0.001068172201563966,0.002255920833288183
2019-10-31,34203.6796875,155.25,0.013099853625874847,-0.001607717041800627
2019-11-01,34377.609375,155.25,0.0050851162532539185,0.0
2019-11-04,35277.4609375,153.52821350097656,0.02617551304060095,-0.011090412232034996
2019-11-05,35358.30859375,155.4499969482422,0.002291765169642801,0.012517461145689746
2019-11-06,35653.328125,155.4499969482422,0.00834371164751202,0.0
2019-11-07,35758.51953125,155.5,0.0029503951463156763,0.00032166646985820613
2019-11-08,35978.16015625,155.3000030517578,0.006142329936452029,-0.0012861540079883715
2019-11-11,36803.1015625,155.39999389648438,0.022928949192158488,0.0006438560383881242
2019-11-12,36765.55859375,155.0500030517578,-0.001020103392270988,-0.00225219342646632
2019-11-13,37166.9609375,155.0500030517578,0.010917890523176599,0.0
2019-11-14,37243.19921875,155.1999969482422,0.002051237963152319,0.0009673904774727404
2019-11-15,37583.890625,155.14999389648438,0.009147748136483447,-0.00032218461817679067
2019-11-18,38411.55859375,153.58102416992188,0.022021881050267034,-0.010112599344408002
2019-11-19,38564.37109375,155.0,0.003978294700722307,0.009239265317752876
2019-11-20,38037.6796875,155.0500030517578,-0.013657461312401864,0.00032260033392139675
2019-11-21,37101.30859375,154.9499969482422,-0.0246169351401766,-0.0006449925930168687
2019-11-22,37925.7890625,154.8000030517578,0.022222409397411047,-0.0009680148398742983
2019-11-25,38212.28125,155.0,0.007554020485318613,0.0012919699244147154
2019-11-26,37795.05078125,154.6999969482422,-0.01091875321497593,-0.0019355035597278247
2019-11-27,38122.71875,155.0500030517578,0.00866959990731253,0.0022624829374284783
2019-11-28,38122.71875,154.85000610351562,0.0,-0.0012898867739811193
2019-11-29,39287.6484375,153.80917358398438,0.030557361219154977,-0.006721552977114298
2019-12-02,40124.21875,153.48565673828125,0.021293468705077645,-0.0021033650865205367
2019-12-03,39788.73046875,154.75,-0.008361241457193525,0.00823753364703439
2019-12-04,40270.51953125,154.8000030517578,0.012108681448843805,0.0003231214976271435
2019-12-05,40270.51953125,154.3000030517578,0.0,-0.0032299740965303636
2019-12-06,40732.25,154.3000030517578,0.011465719194203583,0.0
2019-12-09,40442.80078125,154.35000610351562,-0.007106143626978589,0.00032406384166461244
2019-12-10,40664.6015625,154.75,0.005484308133101079,0.002591473149771817
2019-12-11,40531.421875,154.5,-0.0032750766608473647,-0.001615508885298822
2019-12-12,40514.171875,154.5500030517578,-0.0004255957280058231,0.00032364434794707186
2019-12-13,40916.58984375,154.5500030517578,0.009932770438739302,0.0
2019-12-16,41644.87890625,154.6999969482422,0.017799358775527185,0.0009705201780820794
2019-12-17,41768.66015625,154.5,0.00297230423646222,-0.0012928051207984348
2019-12-18,41603.7109375,153.59591674804688,-0.003949114434912415,-0.005851671533677161
2019-12-19,40655.37109375,154.39999389648438,-0.022794597462102884,0.005235016434430806
2019-12-20,40832.98828125,153.8000030517578,0.004368849249719586,-0.0038859512204956204
2019-12-23,40008.2890625,154.3000030517578,-0.020196886230065436,0.0032509752280807103
2019-12-24,40328.3203125,154.4499969482422,0.007999123619109483,0.0009720926345935244
2019-12-25,40328.3203125,154.0,0.0,-0.0029135445589745235
2019-12-26,41127.7890625,153.3136749267578,0.0198240031770478,-0.004456656319754448
2019-12-27,40848.53125,154.5,-0.006790003033608882,0.0077378947038411194
2019-12-30,40887.62109375,154.25,0.000956946126428937,-0.0016181229773463146
2019-12-31,40735.078125,154.5,-0.003730786107615236,0.0016207455429497752
2020-01-01,40735.078125,154.5500030517578,0.0,0.00032364434794707186
2020-01-02,42480.76171875,154.2277374267578,0.042854553718865596,-0.002085186791565885
2020-01-03,42323.30078125,154.0,-0.0037066411036246194,-0.0014766307964931835
2020-01-06,41296.23828125,154.4499969482422,-0.024267069936449892,0.00292205810546875
2020-01-07,41904.46875,154.60000610351562,0.014728471504053653,0.000971247382566931
2020-01-08,41357.55859375,154.5,-0.013051356396207692,-0.0006468699842654413
2020-01-09,42523.0703125,154.25,0.028181347216325703,-0.0016181229773463146
2020-01-10,43207.05078125,154.0,0.016084926693285873,-0.0016207455429497752
2020-01-13,43218.671875,153.0821075439453,0.0002689629016532358,-0.005960340623731741
2020-01-14,43207.0390625,154.60000610351562,-0.0002691617302272853,0.009915584413642708
2020-01-15,42993.03125,154.5,-0.004953077487916513,-0.0006468699842654413
2020-01-16,43065.1015625,154.3000030517578,0.001676325450999716,-0.0012944786293992427
2020-01-17,43167.76953125,154.25,0.002384017801537075,-0.00032406384166461244
2020-01-20,43167.76953125,153.15965270996094,0.0,-0.007068702042392627
2020-01-21,42626.48046875,154.0,-0.012539194597676606,0.005486740634169651
2020-01-22,42561.26953125,154.0,-0.0015298222321640242,0.0
2020-01-23,42506.94921875,154.0,-0.0012762850614715937,0.0
2020-01-24,42633.03125,154.0,0.0029661510310032835,0.0
2020-01-27,42539.23046875,154.0,-0.002200190286727466,0.0
2020-01-28,42299.19140625,153.75,-0.00564276927097529,-0.0016233766233766378
2020-01-29,41898.69921875,154.0,-0.009468081402634665,0.001626016260162677
2020-01-30,41903.51171875,154.0500030517578,0.00011486036773766806,0.0003246951412845256
2020-01-31,41630.94140625,154.0,-0.006504712882525188,-0.00032458974857019207
2020-02-03,40409.37890625,154.0,-0.029342658578857095,0.0
2020-02-04,40884.25,153.03358459472656,0.011751506868039385,-0.006275424709567767
2020-02-05,40884.25,154.0,0.0,0.006315054357726613
2020-02-06,40724.41015625,153.75,-0.003909570158435072,-0.0016233766233766378
2020-02-07,40143.62890625,153.5,-0.014261256277787182,-0.001626016260162566
2020-02-10,39296.69921875,154.14999389648438,-0.021097486963071788,0.004234487924979602
2020-02-11,39714.4609375,154.0,0.010630962066927818,-0.0009730386144880532
2020-02-12,40531.12890625,154.0,0.02056349121885903,0.0
2020-02-13,40455.44140625,152.9586944580078,-0.001867391855160716,-0.006761724298650518
2020-02-14,40243.26171875,153.75,-0.005244774995020074,0.005173328294910462
2020-02-17,40243.26171875,153.8000030517578,0.0,0.00032522310086391393
2020-02-18,40175.3515625,154.0,-0.0016874913550647408,0.0013003702488540991
2020-02-19,40574.51953125,153.89999389648438,0.009935643453649057,-0.0006493902825689402
2020-02-20,40481.6484375,153.64999389648438,-0.0022889018729715938,-0.0016244315134161802
2020-02-21,40249.21875,153.75,-0.0057416062949819935,0.0006508695573590462
2020-02-24,39143.73046875,153.8000030517578,-0.027466080475164523,0.00032522310086391393
2020-02-25,38858.44921875,153.85000610351562,-0.007288044511438496,0.000325117365186145
2020-02-26,38338.328125,153.75,-0.013385019325450331,-0.0006500233964783497
2020-02-27,38087.3203125,153.8000030517578,-0.006547176801283583,0.00032522310086391393
2020-02-28,37983.62109375,153.75,-0.00272267037689089,-0.000325117365186145
2020-03-02,39296.30078125,153.8000030517578,0.03455909809810098,0.00032522310086391393
2020-03-03,39199.6796875,153.9499969482422,-0.0024587834434558475,0.0009752528836679542
2020-03-04,38906.3984375,153.75,-0.0074817256757718775,-0.0012991032946199077
2020-03-05,39382.109375,153.75,0.012227061784302329,0.0
2020-03-06,38219.671875,153.75,-0.029516892783247428,0.0
2020-03-09,37058.94921875,153.6999969482422,-0.03036977031216337,-0.0003252231008638029
2020-03-10,37695.75,155.5,0.01718345486514261,0.011711145657107291
2020-03-11,37673.25,155.5,-0.0005968842641411731,0.0
2020-03-12,35956.69140625,157.9140167236328,-0.04556438835911425,0.01552422330310499
2020-03-13,36060.87890625,158.5,0.0028975830624362597,0.0037107743094948464
2020-03-16,33684.91015625,155.4799346923828,-0.06588771050691733,-0.01905403979569198
2020-03-17,32616.9296875,158.0,-0.031705011644564074,0.016208299241976976
2020-03-18,30416.05078125,157.717529296875,-0.0674765812520195,-0.0017877892602847778
2020-03-19,30129.830078125,158.25,-0.00941018625933654,0.0033761035028814224
2020-03-20,30667.41015625,158.0,0.017842121138124112,-0.0015797788309637184
2020-03-23,30667.41015625,158.25,0.0,0.0015822784810126667
2020-03-24,28564.830078125,157.8000030517578,-0.0685607316500606,-0.002843582611325002
2020-03-25,27228.80078125,158.3000030517578,-0.046771827216228856,0.003168567746072881
2020-03-26,27267.19921875,160.0,0.0014102140527041396,0.010739083483696232
2020-03-27,28109.5703125,163.75,0.030893202011402554,0.0234375
2020-03-29,28109.5703125,161.88323974609375,0.0,-0.011400062619274842
2020-03-30,28023.390625,166.0,-0.0030658486252874706,0.025430429118932896
2020-03-31,29231.630859375,165.6999969482422,0.04311541920616535,-0.0018072472997459066
2020-04-01,29505.5703125,166.0,0.009371336633349214,0.0018105193559629917
2020-04-02,30782.66015625,166.0500030517578,0.043283008266712386,0.0003012232033603457
2020-04-03,31621.7890625,166.0500030517578,0.027259791778574627,0.0
2020-04-05,31621.7890625,166.0500030517578,0.0,0.0
2020-04-06,30579.150390625,166.5,-0.032972159475678,0.0027100086719173966
2020-04-07,31231.55078125,167.0,0.02133481088555733,0.0030030030030030463
2020-04-08,30971.26953125,167.0,-0.008333920138101525,0.0
2020-04-09,31837.30078125,166.75,0.027962407195680994,-0.0014970059880239361
2020-04-12,31837.30078125,166.0,0.0,-0.004497751124437732
2020-04-13,31032.990234375,166.39999389648438,-0.025263151307999165,0.0024096017860504304
2020-04-14,31222.740234375,166.0,0.006114460726050597,-0.002403809562235959
2020-04-15,31242.189453125,166.25,0.0006229183794888016,0.001506024096385561
2020-04-16,31329.4609375,166.5,0.0027933856718314054,0.0015037593984963404
2020-04-17,32831.828125,166.5,0.04795381543580057,0.0
2020-04-19,32831.828125,161.293701171875,0.0,-0.031269062030780725
2020-04-20,33499.6484375,163.0,0.02034063744356307,0.010578831136789146
2020-04-21,32422.830078125,161.3000030517578,-0.03214416895699701,-0.01042942913032019
2020-04-22,32464.23046875,160.0,0.0012768900964303942,-0.008059535196292988
2020-04-23,32850.828125,159.5500030517578,0.01190841891731087,-0.0028124809265136497
2020-04-24,32806.37890625,159.5500030517578,-0.0013530623514532714,0.0
2020-04-26,32806.37890625,160.60000610351562,0.0,0.006581028089464702
2020-04-27,32314.5703125,160.5,-0.014991248962752945,-0.0006227029870170542
2020-04-28,32553.390625,160.6999969482422,0.007390483926924318,0.0012460869049357726
2020-04-29,33158.83984375,161.0500030517578,0.018598653078092386,0.002178009397401315
2020-04-30,34111.640625,160.0,0.028734442632485147,-0.006519733200007205
2020-05-03,34111.640625,159.75,0.0,-0.0015625000000000222
2020-05-04,33916.640625,158.0,-0.005716523639061943,-0.010954616588419452
2020-05-05,33992.75,159.25,0.0022440127794938203,0.007911392405063333
2020-05-06,33728.1796875,159.25,-0.007783139419434981,0.0
2020-05-07,33304.16015625,160.0500030517578,-0.012571669600276336,0.005023567044005084
2020-05-08,33267.69140625,160.0500030517578,-0.0010950208571212094,0.0
2020-05-10,33267.69140625,159.1999969482422,0.0,-0.0053108783961768324
2020-05-11,33283.7890625,159.5500030517578,0.00048388257704523596,0.0021985308431218265
2020-05-12,33603.01953125,159.6999969482422,0.009591169687758638,0.0009401058828919506
2020-05-13,33693.0390625,160.3000030517578,0.0026789119699877073,0.003757082748787388
2020-05-14,33804.8984375,160.25,0.003319955044497558,-0.00031193419092867547
2020-05-15,34008.328125,160.25,0.006017757689055436,0.0
2020-05-17,34008.328125,159.75,0.0,-0.0031201248049922414
2020-05-18,33804.96875,160.0500030517578,-0.0059796933931164364,0.001877953375635677
2020-05-19,34158.55078125,160.0500030517578,0.010459469253317977,0.0
2020-05-20,33932.80859375,160.0,-0.0066086582228164215,-0.0003124214358286581
2020-05-21,33836.609375,160.0,-0.002834991347215432,0.0
2020-05-24,33836.609375,160.14999389648438,0.0,0.0009374618530273438
2020-05-25,33836.609375,159.7629852294922,0.0,-0.0024165387558012785
2020-05-26,33836.609375,160.8000030517578,0.0,0.0064909767476866165
2020-05-27,33836.609375,160.25,0.0,-0.003420416923628933
2020-05-28,33695.421875,160.60000610351562,-0.004172625526253637,0.0021841254509555874
2020-05-29,33931.23046875,160.60000610351562,0.006998238354895214,0.0
2020-05-31,33931.23046875,163.10000610351562,0.0,0.015566624564065101
2020-06-01,34021.96875,163.14999389648438,0.002674181867161174,0.000306485537082235
2020-06-02,34408.05078125,165.0500030517578,0.011348021453050139,0.011645781344490569
2020-06-03,34401.421875,164.25,-0.0001926556750379005,-0.0048470344560184175
2020-06-04,34119.390625,163.14999389648438,-0.008198243986099807,-0.006697145226883583
2020-06-05,34350.421875,163.14999389648438,0.006771259561438869,0.0
2020-06-07,34350.421875,163.10000610351562,0.0,-0.0003063916324781424
2020-06-08,34749.5703125,163.0500030517578,0.01161989913697381,-0.00030657909188602783
2020-06-09,34803.6015625,163.5,0.0015548753413092697,0.002759870836060996
2020-06-10,35065.078125,164.0,0.007512916789098378,0.003058103975535076
2020-06-11,35128.578125,164.14999389648438,0.0018109185376298242,0.000914596929782796
2020-06-12,34609.08984375,164.14999389648438,-0.014788195508553592,0.0
2020-06-14,34609.08984375,164.0500030517578,0.0,-0.0006091431522661228
2020-06-15,33824.51171875,164.10000610351562,-0.022669712741425485,0.0003048037234234524
2020-06-16,34019.12109375,164.35000610351562,0.005753501384385684,0.001523461247419533
2020-06-17,33848.6796875,165.25,-0.0050101648946278,0.00547608070009753
2020-06-18,33539.8515625,165.60000610351562,-0.00912378644754197,0.0021180399607603206
2020-06-19,33438.94140625,165.60000610351562,-0.003008664366386915,0.0
2020-06-21,33438.94140625,166.60000610351562,0.0,0.006038647120428786
2020-06-22,33737.921875,166.16000366210938,0.00894108653493797,-0.0026410709801106824
2020-06-23,34052.609375,166.16000366210938,0.009327412078489195,0.0
2020-06-24,34034.6484375,167.6999969482422,-0.0005274467310920627,0.009268134642464343
2020-06-25,33709.62890625,167.6999969482422,-0.009549666183473415,0.0
2020-06-26,33939.48828125,167.6999969482422,0.006818804669706191,0.0
2020-06-28,33939.48828125,167.14999389648438,0.0,-0.0032796843277674848
2020-06-29,34181.80078125,167.6999969482422,0.0071395448862399125,0.0032904760505012565
2020-06-30,34421.921875,167.75,0.007024822808098463,0.0002981696640891318
2020-07-01,34889.41015625,167.75,0.013581120860933993,0.0
2020-07-02,34978.1796875,167.75,0.0025443116078045502,0.0
2020-07-05,34978.1796875,166.5,0.0,-0.007451564828613977
2020-07-06,35202.76953125,166.00999450683594,0.006420855680784987,-0.002942975934919323
2020-07-07,35373.3515625,166.5,0.00484569917428157,0.0029516626069394647
2020-07-08,35694.890625,166.6999969482422,0.009089867041065736,0.0012011828723255125
2020-07-09,36142.171875,166.4499969482422,0.01253067994237611,-0.0014997000874428235
2020-07-10,36190.3984375,166.4499969482422,0.0013343570681583206,0.0
2020-07-12,36190.3984375,164.71731567382812,0.0,-0.010409620343536763
2020-07-13,36618.5703125,166.25,0.011831090385463483,0.009304937491859677
2020-07-14,36745.21875,166.1999969482422,0.0034585849862294182,-0.00030077023613717113
2020-07-15,36679.03125,166.0,-0.0018012547550829705,-0.001203351094551941
2020-07-16,37001.44140625,166.2899932861328,0.008790040119993625,0.001746947506824137
2020-07-17,37330.8515625,166.2899932861328,0.00890263037683603,0.0
2020-07-19,37330.8515625,167.0,0.0,0.004269689954497169
2020-07-20,37650.5703125,167.1999969482422,0.008564464420660833,0.0011975865164202126
2020-07-21,37700.30859375,167.10000610351562,0.0013210498761950795,-0.0005980313788971348
2020-07-22,37804.609375,167.10000610351562,0.002766576326308723,0.0
2020-07-23,37578.2109375,167.1699981689453,-0.005988646391085761,0.00041886333257412645
2020-07-24,37607.62109375,167.1699981689453,0.0007826385428224558,0.0
2020-07-26,37607.62109375,167.0,0.0,-0.0010169179326873223
2020-07-27,38221.16015625,166.5,0.01631422155021567,-0.0029940119760478723
2020-07-28,38627.26953125,166.0,0.010625249818158489,-0.0030030030030030463
2020-07-29,38836.26953125,166.05999755859375,0.005410685314708008,0.0003614310758659478
2020-07-30,39258.44140625,167.14999389648438,0.010870556829880362,0.006563870612523726
2020-08-02,39258.44140625,167.3800048828125,0.0,0.0013760753498475164
2020-08-03,39871.609375,166.4499969482422,0.01561875476422725,-0.005556266623492068
2020-08-04,39577.62109375,166.4499969482422,-0.007373373833119867,0.0
2020-08-05,39882.78125,166.81759643554688,0.007710421895422925,0.0022084679726308565
2020-08-06,40166.12109375,168.14999389648438,0.007104315067044231,0.007987151771799317
2020-08-07,40029.69140625,168.14999389648438,-0.003396635865872244,0.0
2020-08-09,40029.69140625,167.5270233154297,0.0,-0.003704850452972308
2020-08-10,39914.76171875,167.89999389648438,-0.002871111004419502,0.0022263308550074523
2020-08-11,40559.1484375,168.0,0.016144070288844903,0.0005956289883921606
2020-08-12,40473.1796875,167.75,-0.002119589619404172,-0.0014880952380952328
2020-08-13,40290.73828125,167.60000610351562,-0.004507711221570898,-0.0008941513948398372
2020-08-16,40290.73828125,166.727783203125,0.0,-0.00520419372688985
2020-08-17,40122.5,167.5,-0.004175606812553578,0.004631602376277133
2020-08-18,40184.01171875,166.743408203125,0.0015330978565641917,-0.004516965951492535
2020-08-19,40154.109375,167.10861206054688,-0.0007441353531172368,0.0021902146619012797
2020-08-20,39868.55078125,167.33670043945312,-0.007111565869464598,0.0013649109767222
2020-08-21,39621.58984375,167.33670043945312,-0.006194379596464961,0.0
2020-08-23,39621.58984375,167.2259063720703,0.0,-0.000662102617607796
2020-08-24,39802.6015625,167.23876953125,0.004568512254652823,7.692085191068898e-05
2020-08-25,40292.8203125,167.11105346679688,0.012316248957501719,-0.000763674982847018
2020-08-26,40862.58984375,167.2424774169922,0.014140721022530167,0.0007864467817588761
2020-08-27,41081.94140625,166.0291748046875,0.005368028882622333,-0.007254751490433309
2020-08-28,41056.21875,166.0291748046875,-0.0006261304935819556,0.0
2020-08-30,41056.21875,166.05426025390625,0.0,0.00015109060951634667
2020-08-31,41110.9296875,164.1435546875,0.0013325858826198633,-0.011506513373909621
2020-09-01,41377.26171875,164.04299926757812,0.006478375295195127,-0.0006126065693734528
2020-09-02,41834.8515625,164.12960815429688,0.0110589687365088,0.0005279645404281386
2020-09-03,42188.109375,165.75,0.008444103404364744,0.009872635802431251
2020-09-04,42023.0,165.75,-0.003913647173244494,0.0
2020-09-06,42023.0,165.5500030517578,0.0,-0.0012066180889422906
2020-09-07,42023.0,164.2976837158203,0.0,-0.0075645986883248195
2020-09-08,41985.19140625,166.0500030517578,-0.0008997119137139631,0.010665514548387822
2020-09-09,42022.25,166.0,0.0008826586829489003,-0.0003011324952654215
2020-09-10,42647.3515625,166.0,0.014875490067761676,0.0
2020-09-11,42530.671875,166.0,-0.002735918720040642,0.0
2020-09-13,42530.671875,165.60000610351562,0.0,-0.0024096017860504304
2020-09-14,42531.30859375,165.5,1.4970813343229139e-05,-0.0006039015690199045
2020-09-15,42346.421875,166.14999389648438,-0.004347073364612375,0.003927455567881433
2020-09-16,42282.28125,166.0500030517578,-0.0015146645728258967,-0.0006018107035794529
2020-09-17,42334.76171875,166.0,0.0012411929346882733,-0.0003011324952654215
2020-09-18,42504.76171875,166.0,0.004015612539156166,0.0
2020-09-20,42504.76171875,166.10000610351562,0.0,0.0006024464067206914
2020-09-21,42174.12890625,165.6999969482422,-0.007778724056560216,-0.002408242869203381
2020-09-22,41828.91015625,166.0,-0.008185557329883353,0.0018105193559629917
2020-09-23,41876.26171875,165.6999969482422,0.0011320295537970981,-0.0018072472997459066
2020-09-24,41806.37109375,165.8000030517578,-0.0016689795633956228,0.0006035371476009743
2020-09-25,41701.23046875,165.8000030517578,-0.0025149426331270153,0.0
2020-09-27,41701.23046875,165.3000030517578,0.0,-0.0030156814885214933
2020-09-28,40740.94921875,165.89999389648438,-0.023027647846497357,0.0036297086125200995
2020-09-29,41204.359375,165.89999389648438,0.01137455472040716,0.0
2020-09-30,40571.48046875,165.39999389648438,-0.015359513309991857,-0.0030138638842385213
2020-10-01,40676.921875,164.6999969482422,0.002598904576115224,-0.004232146155218608
2020-10-02,40070.828125,164.6999969482422,-0.014900187183841562,0.0
2020-10-04,40070.828125,164.1999969482422,0.0,-0.0030358227642052205
2020-10-05,39072.46875,164.1999969482422,-0.02491486754118588,0.0
2020-10-06,39127.48046875,164.1999969482422,0.0014079406935350036,0.0
2020-10-07,39849.9609375,162.45460510253906,0.018464783832095266,-0.010629670390635226
2020-10-08,40353.62109375,163.39999389648438,0.01263891216957358,0.005819402862409451
2020-10-09,40798.4296875,163.39999389648438,0.011022767763929187,0.0
2020-10-11,40798.4296875,163.35000610351562,0.0,-0.00030592285701314115
2020-10-12,40209.8203125,162.47052001953125,-0.014427255644604897,-0.00538405908247741
2020-10-13,40006.671875,163.5500030517578,-0.005052209532924623,0.006644177861293121
2020-10-14,40144.2890625,163.39999389648438,0.0034398559302804,-0.0009172066797575873
2020-10-15,40068.48828125,162.75,-0.001888208335984909,-0.003977930971626353
2020-10-16,40164.01953125,162.75,0.0023841990076951536,0.0
2020-10-18,40164.01953125,162.35000610351562,0.0,-0.002457719794066837
2020-10-19,40340.171875,162.3000030517578,0.004385824571490948,-0.0003079953795993573
2020-10-20,40956.578125,162.14999389648438,0.015280208817900487,-0.0009242708099370667
2020-10-21,41535.921875,162.10000610351562,0.014145316247657025,-0.00030828118933301507
2020-10-22,41199.01953125,161.5,-0.00811110789267877,-0.0037014563906461184
2020-10-23,41266.0,161.5,0.0016257782226878348,0.0
2020-10-26,41850.46875,161.14999389648438,0.014163445693791576,-0.002167220455205121
2020-10-27,41381.828125,160.85000610351562,-0.011197977919900848,-0.0018615439300695424
2020-10-28,41186.859375,160.64999389648438,-0.00471145811661744,-0.0012434703104862166
2020-10-29,39888.0,160.25,-0.03153577123164664,-0.0024898469447942606
2020-10-30,39888.0,159.25123596191406,0.0,-0.006232536899132168
2020-11-02,39112.1796875,160.0,-0.01944996772212193,0.004701778504657916
2020-11-03,40480.87890625,159.64999389648438,0.03499419438358298,-0.0021875381469727007
2020-11-04,40281.9609375,159.75,-0.004913874750858915,0.0006264084393292624
2020-11-05,41071.30078125,159.39999389648438,0.019595367886253268,-0.0021909615243544955
2020-11-06,40731.609375,159.25,-0.00827077301639978,-0.0009409906036871307
2020-11-09,40784.0390625,158.6999969482422,0.0012871990158134228,-0.003453708331289218
2020-11-10,41153.05078125,158.5500030517578,0.009047944422191811,-0.0009451411428400558
2020-11-11,41197.3203125,158.5500030517578,0.0010757290263925245,0.0
2020-11-12,40564.55078125,157.07777404785156,-0.015359482763688592,-0.009285581681292343
2020-11-13,40569.3515625,158.0,0.00011834917822439728,0.005871142227082293
2020-11-16,40504.75,158.0,-0.001592373553234605,0.0
2020-11-17,40652.671875,157.75,0.003651963658583224,-0.0015822784810126667
2020-11-18,40514.671875,157.75,-0.0033946108247036033,0.0
2020-11-19,40540.69921875,158.5,0.0006424177352417626,0.004754358161648264
2020-11-20,40187.1796875,160.0,-0.008720114306427607,0.009463722397476282
2020-11-23,39632.51953125,160.3000030517578,-0.013801917939081587,0.001875019073486417
2020-11-24,39863.359375,160.64999389648438,0.005824505897688015,0.002183348958599618
2020-11-25,40377.53125,160.3000030517578,0.012898357867010546,-0.0021785923313017985
2020-11-26,40377.53125,159.10000610351562,0.0,-0.007485944637535269
2020-11-27,40807.08984375,157.84866333007812,0.010638555167980845,-0.007865133409381109
2020-11-30,41068.8203125,159.0,0.006413847930645478,0.0072939272695284885
2020-12-01,41665.26953125,159.0,0.014523164147679735,0.0
2020-12-02,42027.37890625,159.08999633789062,0.008690916417291028,0.0005660147037145347
2020-12-03,42047.71875,160.0500030517578,0.00048396650658077967,0.006034362536712967
2020-12-04,42207.0,160.10000610351562,0.0037881068161396136,0.00031242143582876913
2020-12-07,42115.30859375,159.6999969482422,-0.002172421784301215,-0.0024984955654205887
2020-12-08,42101.78125,160.0,-0.00032119778298400625,0.001878541374393583
2020-12-09,42204.03125,160.0500030517578,0.002428638337006239,0.0003125190734862837
2020-12-10,42305.83984375,160.1999969482422,0.0024122954782903605,0.0009371689698491892
2020-12-11,42470.390625,160.0500030517578,0.00388955240831379,-0.0009362915065025401
2020-12-14,43266.21875,159.85000610351562,0.018738422540703903,-0.0012495904056778473
2020-12-15,43250.83984375,160.0,-0.0003554483542660414,0.0009383415124002426
2020-12-16,43360.19140625,160.10000610351562,0.0025283107309603814,0.0006250381469725674
2020-12-17,43766.69140625,160.10000610351562,0.009374958615644191,0.0
2020-12-18,43740.55078125,159.85000610351562,-0.0005972721300168127,-0.0015615239879400722
2020-12-21,43333.76171875,159.6999969482422,-0.009300044357794746,-0.0009384369693191674
2020-12-22,43333.76171875,160.0,0.0,0.001878541374393583
2020-12-23,43087.69921875,160.3000030517578,-0.005678309249887548,0.001875019073486417
2020-12-24,43416.76953125,160.27000427246094,0.0076372217237536955,-0.00018714147676712756
2020-12-25,43416.76953125,160.0,0.0,-0.0016846837540599457
2020-12-28,43674.28125,158.999755859375,0.005931157972604462,-0.006251525878906206
2020-12-29,43255.55078125,160.14999389648438,-0.009587575496734724,0.007234212599211087
2020-12-30,43694.76171875,160.27000427246094,0.010153863020289755,0.0007493623512351277
2020-12-31,43755.37890625,160.0,0.0013872872883522458,-0.0016846837540599457
2021-01-01,43755.37890625,159.3000030517578,0.0,-0.004374980926513672
2021-01-04,44686.4609375,159.68292236328125,0.02127925879112902,0.0024037621104064932
2021-01-05,44650.4296875,159.52000427246094,-0.000806312454467939,-0.001020259952718483
2021-01-06,45153.421875,160.22999572753906,0.011265114155011524,0.004450798872005057
2021-01-07,45344.5390625,160.0,0.00423261802901842,-0.001435409933669085
2021-01-08,45654.33984375,159.8000030517578,0.006832151956004839,-0.0012499809265136275
2021-01-11,45605.421875,159.27877807617188,-0.0010714856225589875,-0.0032617332017016443
2021-01-12,45922.0390625,160.0500030517578,0.006942533902390302,0.004841981994720745
2021-01-13,46091.9609375,160.10000610351562,0.003700224956664888,0.00031242143582876913
2021-01-14,45989.3515625,160.0,-0.0022261881011992335,-0.0006246477183202703
2021-01-15,45931.0,159.75,-0.0012688059413209496,-0.0015625000000000222
2021-01-18,45931.0,159.81158447265625,0.0,0.0003855053061423419
2021-01-19,45903.23046875,159.3199920654297,-0.0006045923504822692,-0.0030760749219069794
2021-01-20,45676.94140625,160.1999969482422,-0.004929697979623726,0.005523505690679942
2021-01-21,45984.4609375,160.22000122070312,0.006732489562182531,0.00012487061699140156
2021-01-22,45868.0390625,160.3000030517578,-0.0025317655709443665,0.000499324868587836
2021-01-25,46087.640625,160.3000030517578,0.004787681509575092,0.0
2021-01-26,46287.37890625,160.39999389648438,0.00433387950741948,0.0006237731929068513
2021-01-27,46458.12890625,160.3000030517578,0.0036889105418096424,-0.0006233843424651164
2021-01-28,46166.05078125,160.3000030517578,-0.006286911071890056,0.0
2021-01-29,46385.5390625,160.3000030517578,0.004754322224571617,0.0
2021-02-01,46248.44921875,159.0403289794922,-0.0029554435826494307,-0.007858228623108032
2021-02-02,46580.33984375,160.0500030517578,0.007176254136223914,0.006348541145157149
2021-02-03,46933.62890625,159.85000610351562,0.007584510196470884,-0.0012495904056778473
2021-02-04,46905.7890625,159.8000030517578,-0.0005931747533439724,-0.00031281232310642615
2021-02-05,46905.7890625,159.8000030517578,0.0,0.0
2021-02-08,46721.87109375,159.8000030517578,-0.003921007884654437,0.0
2021-02-09,46674.76953125,159.5500030517578,-0.0010081266310051351,-0.0015644555395848414
2021-02-10,46644.2890625,159.5500030517578,-0.0006530395126984612,0.0
2021-02-11,46055.51953125,159.10000610351562,-0.012622542718168317,-0.002820413285082868
2021-02-12,45808.359375,159.0500030517578,-0.005366569713371572,-0.00031428692545287795
2021-02-15,45808.359375,158.5,0.0,-0.0034580511864488184
2021-02-16,46867.94921875,158.03768920898438,0.023130927590658823,-0.002916787325019765
2021-02-17,46768.140625,159.19000244140625,-0.002129570322869423,0.007291382442944361
2021-02-18,46142.73828125,159.0,-0.013372401284127422,-0.0011935576260587721
2021-02-19,46227.6484375,158.6999969482422,0.0018401629251487694,-0.0018868116462755768
2021-02-22,45890.0390625,158.04229736328125,-0.007303191626899408,-0.004144294880959798
2021-02-23,45728.75,158.8000030517578,-0.0035146856658877512,0.004794322160066367
2021-02-24,45362.578125,158.6199951171875,-0.008007476150124426,-0.001133551203469696
2021-02-25,45965.62109375,158.39999389648438,0.013293842494760177,-0.0013869702904768522
2021-02-26,45865.01953125,156.9615020751953,-0.002188626197279442,-0.009081388110590005
2021-03-01,45593.4296875,156.4332275390625,-0.005921502847392346,-0.003365631248098855
2021-03-02,45964.26953125,157.6999969482422,0.008133624653634541,0.008097828249841399
2021-03-03,46160.78125,157.6999969482422,0.0042753147336844766,0.0
2021-03-04,45278.53125,157.0,-0.01911254480772029,-0.004438788597262544
2021-03-05,45837.3515625,157.0,0.012341838329837707,0.0
2021-03-08,45051.05078125,156.64999389648438,-0.01715414949700722,-0.0022293382389529937
2021-03-09,44222.91015625,156.75,-0.01838227101563339,0.0006384047712233443
2021-03-10,43691.6796875,156.64999389648438,-0.012012562422351603,-0.0006379974705941205
2021-03-11,42779.76171875,156.6999969482422,-0.020871661956518794,0.00031920238561178316
2021-03-12,42779.76171875,156.9499969482422,0.0,0.0015954052639999272
2021-03-15,44766.58984375,155.32730102539062,0.046443178857847434,-0.010338935676352246
2021-03-16,44857.05859375,156.6999969482422,0.0020208988514820447,0.008837441414289327
2021-03-17,45450.30859375,156.39999389648438,0.013225343314923865,-0.0019145057919618402
2021-03-18,44724.08984375,155.75,-0.01597830185249538,-0.004155971367330036
2021-03-19,44901.30859375,154.89999389648438,0.003962489804021585,-0.005457503072331504
2021-03-22,45407.328125,154.4785919189453,0.011269594296867247,-0.0027204776897581384
2021-03-23,45407.328125,155.85000610351562,0.0,0.008877697340029522
2021-03-24,45544.19140625,155.8000030517578,0.003014123202167651,-0.0003208408713477606
2021-03-25,45726.16015625,155.8000030517578,0.003995432663999932,0.0
2021-03-26,45521.62890625,154.8000030517578,-0.004472959227302287,-0.006418485111760797
2021-03-28,45521.62890625,154.66000366210938,0.0,-0.0009043888041890824
2021-03-29,44431.80078125,153.85000610351562,-0.02394088593016863,-0.0052372788013336224
2021-03-30,44491.03125,152.8000030517578,0.0013330647803722062,-0.006824848944440909
2021-03-31,44587.8515625,152.32000732421875,0.0021761759568115213,-0.0031413332326732935
2021-04-01,44428.1015625,152.60000610351562,-0.003582814475285412,0.0018382271916577153
2021-04-04,44428.1015625,153.25,0.0,0.004259461798733266
2021-04-05,43548.2109375,151.22190856933594,-0.019804821589376242,-0.013233875567139064
2021-04-06,44404.69921875,151.82774353027344,0.019667588238681644,0.004006264480253652
2021-04-07,43953.578125,151.7998046875,-0.010159309750701229,-0.00018401671607448655
2021-04-08,44741.359375,151.44224548339844,0.017923028877412817,-0.0023554655082570486
2021-04-09,45186.48046875,151.44224548339844,0.00994876105616771,0.0
2021-04-11,45186.48046875,152.5,0.0,0.00698454062950038
2021-04-12,44978.05078125,152.60000610351562,-0.00461265593907334,0.0006557777279712074
2021-04-13,45048.5703125,152.60000610351562,0.0015678654371433787,0.0
2021-04-14,45311.21875,152.60000610351562,0.005830339024702091,0.0
2021-04-15,45230.1796875,152.5500030517578,-0.0017884988472087748,-0.0003276739826857389
2021-04-16,45305.62890625,152.5500030517578,0.0016681167147971632,0.0
2021-04-18,45305.62890625,152.0631866455078,0.0,-0.0031911923730661984
2021-04-19,44913.5703125,152.5,-0.008653639806243008,0.0028725779337408497
2021-04-20,45399.78125,152.5,0.010825479562569518,0.0
2021-04-21,45306.5390625,152.89999389648438,-0.002053802572011265,0.002622910796618916
2021-04-22,44929.609375,153.0,-0.008319542726051732,0.0006540621812145542
2021-04-23,44706.76171875,153.0,-0.0049599286383735786,0.0
2021-04-25,44706.76171875,151.79690551757812,0.0,-0.00786336263020837
2021-04-26,45682.76953125,153.80999755859375,0.021831324277970854,0.013261746240159633
2021-04-27,45292.87109375,154.0,-0.008534912429800978,0.00123530618569756
2021-04-28,45059.12109375,153.89999389648438,-0.005160856319224472,-0.0006493902825689402
2021-04-29,44863.109375,153.16000366210938,-0.004350100800727508,-0.004808253825355768
2021-04-30,44262.3515625,153.16000366210938,-0.013390908942097823,0.0
2021-05-02,44262.3515625,152.5833282470703,0.0,-0.0037651828235214513
2021-05-03,44076.19921875,152.8000030517578,-0.00420565869590428,0.0014200424592696326
2021-05-04,44563.58984375,153.10000610351562,0.01105790956659125,0.001963370718364388
2021-05-05,44943.609375,152.75,0.00852757896261136,-0.002286127299557239
2021-05-06,45174.671875,152.5,0.005141164744292492,-0.0016366612111292644
2021-05-09,45174.671875,149.61865234375,0.0,-0.018894082991803285
2021-05-10,45174.671875,151.89999389648438,0.0,0.015247708203472987
2021-05-11,45174.671875,151.1434326171875,0.0,-0.004980653783386302
2021-05-12,45174.671875,152.0,0.0,0.005667248440638373
2021-05-13,45174.671875,151.89999389648438,0.0,-0.0006579348915501937
2021-05-16,45174.671875,152.0,0.0,0.0006583680548648552
2021-05-17,45796.30859375,152.5,0.013760735672194713,0.00328947368421062
2021-05-18,45981.8203125,152.57000732421875,0.004050800696528523,0.00045906442110665857
2021-05-19,45682.109375,152.8000030517578,-0.0065180311580340655,0.0015074766762663838
2021-05-20,45574.0703125,153.10000610351562,-0.0023650191284539934,0.001963370718364388
2021-05-21,45914.98046875,153.10000610351562,0.007480353497337111,0.0
2021-05-23,45914.98046875,153.0500030517578,0.0,-0.0003266038521514414
2021-05-24,46097.109375,153.25,0.0039666554224924155,0.0013067425302470959
2021-05-25,46300.66015625,154.0,0.00441569512730422,0.004893964110929794
2021-05-26,46812.30859375,154.39999389648438,0.011050564630684434,0.0025973629641842244
2021-05-27,46790.75,154.9499969482422,-0.00046053259062894814,0.0035621960718894563
2021-05-28,47126.2890625,154.9499969482422,0.00717105544365082,0.0
2021-05-30,47126.2890625,154.3300018310547,0.0,-0.004001259305571936
2021-05-31,47126.2890625,152.8519287109375,0.0,-0.009577354387225623
2021-06-01,48191.26171875,154.0,0.02259827110166923,0.007511002960477242
2021-06-02,48126.8984375,154.3000030517578,-0.001335579915413554,0.0019480717646611634
2021-06-03,48093.53125,154.5,-0.0006933168058468331,0.0012961564762581368
2021-06-04,48211.69921875,154.5,0.0024570449638172676,0.0
2021-06-06,48211.69921875,154.0,0.0,-0.003236245954692518
2021-06-07,48302.66015625,154.0,0.0018866984357319705,0.0
2021-06-08,48147.98046875,155.25,-0.003202301633070337,0.008116883116883189
2021-06-09,47777.62109375,155.3000030517578,-0.007692106115237296,0.0003220808486814608
2021-06-10,48251.48828125,155.3000030517578,0.009918182962064481,0.0
2021-06-11,48304.71875,155.3000030517578,0.0011031881221927886,0.0
2021-06-13,48304.71875,155.39999389648438,0.0,0.0006438560383881242
2021-06-14,48726.078125,155.3000030517578,0.008722944381080788,-0.0006434417545291282
2021-06-15,48632.55859375,156.39999389648438,-0.0019192911649915656,0.007083005944049869
2021-06-16,48480.8984375,156.0,-0.003118490176856392,-0.00255750583180403
2021-06-17,48131.25,156.5,-0.007212086590159927,0.0032051282051281937
2021-06-18,48238.671875,156.5,0.0022318530061031794,0.0
2021-06-20,48238.671875,156.5,0.0,0.0
2021-06-21,48012.51953125,157.0,-0.004688195900915848,0.0031948881789136685
2021-06-22,47987.140625,157.5,-0.0005285893449828993,0.0031847133757962887
2021-06-23,47900.69921875,158.0,-0.0018013452171594668,0.0031746031746031633
2021-06-24,47962.5390625,157.60000610351562,0.0012910008571607179,-0.0025316069397745
2021-06-25,47603.359375,157.60000610351562,-0.007488754651457263,0.0
2021-06-27,47603.359375,156.53004455566406,0.0,-0.00678909585288201
2021-06-28,47002.3515625,157.75,-0.012625323514786069,0.007793746228073939
2021-06-29,47137.76953125,158.10000610351562,0.002881089227417366,0.0022187391665016154
2021-06-30,47356.01953125,157.85000610351562,0.004630045124543125,-0.0015812776113134364
2021-07-01,47800.5703125,157.85000610351562,0.009387418656600532,0.0
2021-07-02,47686.1796875,157.85000610351562,-0.002393080757241206,0.0
2021-07-04,47686.1796875,155.55001831054688,0.0,-0.014570717162091573
2021-07-05,47686.1796875,156.68832397460938,0.0,0.007317939762565118
2021-07-06,47346.16015625,158.10000610351562,-0.007130357966988243,0.009009491537703918
2021-07-07,47247.921875,158.39999389648438,-0.00207489437212649,0.0018974559227551424
2021-07-08,48053.171875,158.39999389648438,0.017043077622130864,0.0
2021-07-09,47563.44921875,158.39999389648438,-0.010191265990180831,0.0
2021-07-11,47563.44921875,157.98341369628906,0.0,-0.0026299256076206534
2021-07-12,47447.078125,159.25,-0.0024466495946245947,0.008017210630388405
2021-07-13,47480.48828125,159.10000610351562,0.0007041562424978665,-0.0009418769010007821
2021-07-14,47491.46875,159.10000610351562,0.0002312627596614547,0.0
2021-07-15,47628.26171875,159.10000610351562,0.0028803693031709265,0.0
2021-07-16,47834.328125,159.10000610351562,0.004326557359301653,0.0
2021-07-18,47834.328125,158.10281372070312,0.0,-0.006267708011046147
2021-07-19,47873.26171875,159.21487426757812,0.0008139257992347826,0.00703378087147466
2021-07-20,47873.26171875,160.60000610351562,0.0,0.008699764028388568
2021-07-21,47873.26171875,160.5,0.0,-0.0006227029870170542
2021-07-22,47873.26171875,160.5,0.0,0.0
2021-07-23,47793.0703125,160.5,-0.001675077138489467,0.0
2021-07-25,47793.0703125,159.3855438232422,0.0,-0.006943652191637506
2021-07-26,47672.6796875,161.0,-0.0025189975076472804,0.010129250984946436
2021-07-27,47686.98828125,160.89999389648438,0.0003001424263078256,-0.0006211559224572616
2021-07-28,47318.03125,161.5,-0.007737058777416483,0.0037290623137105072
2021-07-29,47312.328125,160.9283905029297,-0.00012052752089086738,-0.003539377690837897
2021-07-30,47055.2890625,160.9283905029297,-0.005432813659494773,0.0
2021-08-01,47055.2890625,161.24473571777344,0.0,0.001965751436742158
2021-08-02,47055.2890625,162.0976104736328,0.0,0.005289318451624725
2021-08-03,47758.3203125,161.5,0.014940536207656008,-0.0036867321602499503
2021-08-04,47789.87890625,161.5,0.000660797815825509,0.0
2021-08-05,47640.87890625,163.0,-0.003117814972753874,0.009287925696594534
2021-08-06,47489.94921875,163.0,-0.0031680710130685963,0.0
2021-08-08,47489.94921875,163.3996124267578,0.0,0.0024516099801092928
2021-08-09,47123.62109375,162.98043823242188,-0.00771380325787685,-0.002565331631516732
2021-08-10,47135.48046875,162.998779296875,0.0002516651888107013,0.00011253537327582386
2021-08-11,47377.37890625,162.22572326660156,0.005131982003670821,-0.0047427105503989875
2021-08-12,47270.76,163.02206420898438,-0.002250417999294041,0.004908845073072099
2021-08-13,47169.84,163.02206420898438,-0.0021349349999874034,0.0
2021-08-15,47169.84,163.06039428710938,0.0,0.00023512202664699444
2021-08-16,46912.79,163.1905059814453,-0.005449456686730247,0.0007979356048093411
2021-08-17,47258.45,163.1684112548828,0.007368139903851212,-0.0001353922302624877
2021-08-18,47258.45,162.9339141845703,0.0,-0.001437147475476741
2021-08-19,47258.45,162.87594604492188,0.0,-0.00035577700283295766
2021-08-20,47599.82,162.87594604492188,0.007223470088418171,0.0
2021-08-22,47599.82,162.92648315429688,0.0,0.0003102797595482265
2021-08-23,48112.21,164.0,0.010764536504549893,0.006588964696957689
2021-08-24,47828.71,164.60000610351562,-0.005892475111827111,0.0036585738019245806
2021-08-25,47635.9,165.1999969482422,-0.004031260721855112,0.0036451447295162698
2021-08-26,47363.27,165.8000030517578,-0.005723204557907091,0.0036319982723946875
2021-08-27,47136.53,165.8000030517578,-0.004787253920601309,0.0
2021-08-29,47136.53,165.2288055419922,0.0,-0.0034450995129795547
2021-08-30,47365.7,165.31027221679688,0.004861834335280868,0.0004930537053600137
2021-08-31,47419.74,165.38381958007812,0.0011409099833845637,0.0004449049795574034
2021-09-01,47413.46,165.7777099609375,-0.0001324342984587723,0.002381674228225439
2021-09-02,46903.06,165.9509735107422,-0.010764875628144432,0.0010451558888435741
2021-09-03,46957.47,165.9509735107422,0.001160052243926124,0.0
2021-09-05,46957.47,165.86801147460938,0.0,-0.0004999189482154387
2021-09-06,46918.52,165.74380493164062,-0.0008294739899744608,-0.0007488275880594975
2021-09-07,46729.96,166.642333984375,-0.004018882096025189,0.0054211923824540875
2021-09-08,46396.71,166.40139770507812,-0.007131399213694989,-0.0014458287611326393
2021-09-09,46625.12,166.68785095214844,0.004922978374975351,0.0017214593808760892
2021-09-10,47198.29,166.68785095214844,0.012293158709296481,0.0
2021-09-12,47198.29,166.8370361328125,0.0,0.0008949973247114329
2021-09-13,47270.46,167.85000610351562,0.0015290808205128403,0.006071613319099889
2021-09-14,46891.34,168.39999389648438,-0.008020230816454976,0.003276662335237379
2021-09-15,46716.72,169.1999969482422,-0.003723928554824729,0.004750612118487263
2021-09-16,46920.46,167.5,0.004361179466366494,-0.010047263468699774
2021-09-17,46636.08,167.5,-0.006060895396166166,0.0
2021-09-19,46636.08,167.8000030517578,0.0,0.0017910629955690816
2021-09-20,46528.21,168.35000610351562,-0.0023130160167835756,0.0032777296886470353
2021-09-21,46008.85,168.3000030517578,-0.011162260486702547,-0.0002970184136914522
2021-09-22,45597.24,168.0,-0.008946322283647667,-0.0017825492948182475
2021-09-23,45296.88,168.0,-0.006587240806680383,0.0
2021-09-24,45073.52,168.0,-0.004931023946903146,0.0
2021-09-26,45073.52,168.6999969482422,0.0,0.00416664850144155
2021-09-27,44817.76,169.1999969482422,-0.005674285034760862,0.002963841191730543
2021-09-28,45274.93,169.5,0.010200643673400789,0.0017730677137635098
2021-09-29,44366.74,169.5,-0.020059445702069634,0.0
2021-09-30,44899.6,170.3000030517578,0.01201034829243719,0.004719782016270324
2021-10-01,44871.7,170.3000030517578,-0.0006213863820613286,0.0
2021-10-03,44871.7,169.30641174316406,0.0,-0.005834358724537303
2021-10-04,45044.5,170.39999389648438,0.00385097957064251,0.006459189241924568
2021-10-05,44666.57,170.5,-0.00839014752078504,0.0005868902998691361
2021-10-06,44373.23,169.4665069580078,-0.006567327645708998,-0.006061542768282635
2021-10-07,44586.04,170.4499969482422,0.004795909605859183,0.00580344758317386
2021-10-08,44477.23,170.4499969482422,-0.002440449970439129,0.0
2021-10-10,44477.23,169.4239959716797,0.0,-0.006019366353371414
2021-10-11,43829.35,169.7085723876953,-0.014566554616823102,0.0016796700749708293
2021-10-12,43883.08,170.8000030517578,0.0012258908699307458,0.0064312052638635375
2021-10-13,43221.78,170.6999969482422,-0.015069589463638455,-0.0005855158180841924
2021-10-14,44333.68,170.0,0.025725456008521608,-0.004100743765416914
2021-10-15,44821.53,170.0,0.011004049291644558,0.0
2021-10-17,44821.53,170.89999389648438,0.0,0.0052940817440256804
2021-10-18,44629.45,172.0,-0.004285440501473281,0.00643654852429032
2021-10-19,44629.45,172.0500030517578,0.0,0.0002907154171964965
2021-10-20,45499.46,172.75,0.01949407846164375,0.004068566903957516
2021-10-21,45821.4,172.8000030517578,0.007075688370807187,0.00028945326632601187
2021-10-22,45578.36,172.8000030517578,-0.005304071896537477,0.0
2021-10-24,45578.36,172.97145080566406,0.0,0.0009921744842498192
2021-10-25,45419.17,174.0500030517578,-0.003492666256530552,0.0062354350447433315
2021-10-26,45227.79,174.5,-0.004213639306926975,0.002585446368009281
2021-10-27,45791.91,173.6999969482422,0.012472862370679572,-0.004584544709213878
2021-10-28,45946.08,171.6999969482422,0.0033667519000626367,-0.011514104980646311
2021-10-29,46184.71,171.6999969482422,0.005193696611332177,0.0
2021-11-01,46974.78,171.6999969482422,0.017106743768662724,0.0
2021-11-02,47112.92,170.89999389648438,0.0029407269177206263,-0.004659307314949901
2021-11-03,47032.44,170.0500030517578,-0.0017082362969647047,-0.004973615418859545
2021-11-04,47219.18,169.1999969482422,0.003970451033371791,-0.004998565646934461
2021-11-05,47295.8,169.75,0.0016226457130343874,0.0032506091115713787
2021-11-08,47115.04,169.75,-0.003821903847698982,0.0
2021-11-09,46399.91,169.89999389648438,-0.015178380406766001,0.0008836164741348185
2021-11-10,46629.88,170.89999389648438,0.004956259613434488,0.0058858153968461835
2021-11-11,46348.18,170.89999389648438,-0.0060411907557985645,0.0
2021-11-12,45749.15,172.30625915527344,-0.012924563596671934,0.008228585775379438
2021-11-15,45736.26,175.39999389648438,-0.0002817538686511467,0.01795485988946588
2021-11-16,46542.91,174.0500030517578,0.017636990868951763,-0.007696641343803545
2021-11-17,46194.42,174.25,-0.007487499170120815,0.0011490775336713277
2021-11-18,46110.5,174.10000610351562,-0.0018166696323927978,-0.0008607971103837819
2021-11-19,46489.41,173.7899932861328,0.008217434206959418,-0.0017806594285728616
2021-11-22,45745.0,173.64671325683594,-0.016012463913824715,-0.000824443494056526
2021-11-23,44948.52,174.5,-0.01741130178161554,0.0049139239503024346
2021-11-24,44363.7,174.0,-0.013010884451812865,-0.002865329512893977
2021-11-25,43935.75,174.5,-0.009646400097376828,0.002873563218390718
2021-11-26,44114.16,173.98048400878906,0.004060702275481942,-0.002977169004074187
2021-11-29,45330.05,176.0,0.027562351861624368,0.011607715674069041
2021-11-30,45072.38,176.0,-0.005684308753244327,0.0
2021-12-01,45369.14,175.89999389648438,0.006584076545325557,-0.0005682164972479198
2021-12-02,43234.15,175.0,-0.04705819859049565,-0.005116508969374989
2021-12-03,43232.83,175.0,-3.053142018516475e-05,0.0
2021-12-06,43280.77,175.23597717285156,0.0011088795251199546,0.0013484409877231318
2021-12-07,43853.49,175.89999389648438,0.013232666609212407,0.0037892716686700467
2021-12-08,43846.87,176.39999389648438,-0.0001509571986173519,0.0028425242600875755
2021-12-09,43518.84,177.0,-0.007481263770937496,0.003401395262336182
2021-12-10,43395.78,176.47935485839844,-0.002827740812944457,-0.002941497975150087
2021-12-13,42876.37,175.54388427734375,-0.011969136169461603,-0.005300736631801972
2021-12-14,43246.71,177.64999389648438,0.008637391644861658,0.011997624570122545
2021-12-15,44366.86,177.60000610351562,0.02590139226775867,-0.0002813835895647543
2021-12-16,43731.2,177.64999389648438,-0.014327360556956381,0.0002814627885745491
2021-12-17,43900.68,177.64999389648438,0.00387549392653308,0.0
2021-12-20,44339.95,178.0162811279297,0.010005995351324737,0.0020618477007026126
2021-12-21,44177.07,177.6999969482422,-0.003673436708882094,-0.0017767149031734375
2021-12-22,44174.97,177.6999969482422,-4.75359728474567e-05,0.0
2021-12-23,44266.9,177.6999969482422,0.0020810427262316633,0.0
2021-12-24,44118.39,177.6999969482422,-0.0033548768944742235,0.0
2021-12-27,43913.44,177.8000030517578,-0.004645455103869267,0.000562780558430509
2021-12-28,44043.74,170.0500030517578,0.0029672009298291613,-0.04358830071416797
2021-12-29,44260.11,177.8000030517578,0.004912616412684256,0.04557483011418206
2021-12-30,44416.2,177.8000030517578,0.0035266518768253263,0.0
2021-12-31,44596.07,177.9499969482422,0.004049648551654572,0.0008436102019677705
2022-01-03,44886.89,177.9499969482422,0.0065212024288239245,0.0
2022-01-04,45390.84,176.0500030517578,0.01122710885071343,-0.010677122388695559
2022-01-05,45407.89,176.3000030517578,0.0003756264479795046,0.0014200510972244285
2022-01-06,45082.3,176.35000610351562,-0.00717033978015702,0.00028362479235544136
2022-01-07,45345.65,176.64999389648438,0.005841538697005211,0.0017010931816621166
2022-01-10,45887.63,174.32412719726562,0.01195219387085622,-0.013166525783078642
2022-01-11,45881.13,176.3000030517578,-0.00014165037505753375,0.01133449446304291
2022-01-12,45916.25,176.1999969482422,0.0007654562997903014,-0.0005672495847107717
2022-01-13,45763.2,175.89999389648438,-0.0033332425884082806,-0.0017026280190342025
2022-01-14,45763.45,176.0,5.462904691944104e-06,0.0005685395507999402
2022-01-17,45612.2,175.75,-0.0033050392835329845,-0.0014204545454545858
2022-01-18,45507.41,174.5836639404297,-0.0022974116574072667,-0.006636336043074342
2022-01-19,44833.43,175.6999969482422,-0.014810335283858223,0.00639425810305716
2022-01-20,44825.97,175.89999389648438,-0.0001663936932775334,0.0011382865777800344
2022-01-21,45018.28,176.0,0.00429014698399155,0.0005685395507999402
2022-01-24,44923.91,176.0,-0.0020962595638925885,0.0
2022-01-25,44887.77,176.0,-0.0008044713828339045,0.0
2022-01-26,44955.05,176.3000030517578,0.0014988492411185383,0.0017045627940783792
2022-01-27,45083.04,176.6999969482422,0.002847066124940234,0.002268825238573191
2022-01-28,45077.91,176.5500030517578,-0.00011379001948397249,-0.0008488619076111314
2022-01-31,45374.68,175.0113983154297,0.006583490672038561,-0.00871483834456277
2022-02-01,45674.5,176.42999267578125,0.006607649905189472,0.00810572553562916
2022-02-02,46119.15,176.0500030517578,0.00973519140877288,-0.0021537699926209575
2022-02-03,45862.93,176.0,-0.005555609762972646,-0.0002840275540529902
2022-02-04,45909.65,175.60000610351562,0.0010186876416313773,-0.002272692593661252
2022-02-07,45841.25,174.14999389648438,-0.001489882845981172,-0.008257472418175649
2022-02-08,45947.95,174.5,0.0023275979603523123,0.0020097968175851744
2022-02-09,46339.76,172.95126342773438,0.008527257472857874,-0.008875281216421893
2022-02-10,45940.04,174.1999969482422,-0.008625853910335324,0.00722014685385397
2022-02-11,46079.37,174.89999389648438,0.0030328663187930704,0.0040183522417063244
2022-02-14,45644.09,173.94041442871094,-0.009446309704321143,-0.0054864465480849445
2022-02-15,45731.7,174.4499969482422,0.0019194160733624344,0.00292963841212468
2022-02-16,45684.8,174.4499969482422,-0.001025546830754065,0.0
2022-02-17,45441.1,175.39999389648438,-0.0053343781739222385,0.005445669044775281
2022-02-18,45675.87,175.0500030517578,0.005166468241305955,-0.0019953868694723154
2022-02-21,45362.85,175.10000610351562,-0.006853071435749425,0.0002856501050332305
2022-02-22,45012.18,174.96041870117188,-0.007730334403592276,-0.0007971867360258011
2022-02-23,45132.92,175.0,0.002682385078883076,0.000226230018891993
2022-02-24,43830.51,176.0,-0.028857206668657764,0.005714285714285783
2022-02-25,43984.24,175.9499969482422,0.0035073742012126097,-0.0002841082486239044
2022-02-28,44461.01,174.8230438232422,0.010839564353050113,-0.006404962458348318
2022-03-01,44803.58,177.0,0.007704953171329132,0.012452341116762966
2022-03-02,44514.12,176.21392822265625,-0.006460644439573837,-0.0044410834878177985
2022-03-03,44525.72,177.3000030517578,0.0002605914707511925,0.006163388104765799
2022-03-04,44551.35,177.26039123535156,0.0005756223593913479,-0.00022341689635896333
2022-03-07,43266.97,177.61605834960938,-0.028829204951140608,0.0020064669370247756
2022-03-08,42878.35,177.6999969482422,-0.008981909294780821,0.0004725845141073659
2022-03-09,43042.96,178.3000030517578,0.003839000334667775,0.003376511614068267
2022-03-10,43853.62,178.39999389648438,0.01883374191737741,0.0005608011386153411
2022-03-11,43653.33,178.3000030517578,-0.0045672398310561135,-0.0005604868169702959
2022-03-14,43366.89,178.1999969482422,-0.006561698729512733,-0.0005608867179132115
2022-03-15,43719.82,178.5500030517578,0.008138236336522997,0.0019641195819846136
2022-03-16,43975.69,178.6999969482422,0.0058524943606812485,0.0008400666139496415
2022-03-17,43807.23,179.0,-0.0038307528545884484,0.001678808376503138
2022-03-18,43029.97,179.0,-0.017742733334200844,0.0
2022-03-21,43230.22,180.25,0.004653733200371768,0.006983240223463749
2022-03-22,43203.79,180.89999389648438,-0.0006113778740890474,0.0036060687738384
2022-03-23,43203.79,179.82669067382812,0.0,-0.005933130231449479
2022-03-24,43522.55,181.0,0.007378056415883849,0.006524667288128283
2022-03-25,43551.14,181.0,0.000656900847951114,0.0
2022-03-27,43551.14,181.32498168945312,0.0,0.0017954789472547361
2022-03-28,43933.56,181.89999389648438,0.008780941210723814,0.0031711692546372294
2022-03-29,44438.7,182.0,0.011497816247989068,0.0005497861840091378
2022-03-30,44337.56,182.0,-0.0022759441657833612,0.0
2022-03-31,44928.83,183.1999969482422,0.01333564589481262,0.006593389825506613
2022-04-01,45152.11,183.1999969482422,0.004969637535631399,0.0
2022-04-03,45152.11,183.33731079101562,0.0,0.0007495297219477504
2022-04-04,43902.04,183.3000030517578,-0.027685749348147826,-0.00020349234477612388
2022-04-05,43928.08,182.85000610351562,0.00059313872430522,-0.0024549751268423403
2022-04-06,44111.1,185.6999969482422,0.004166355552075007,0.015586495759333463
2022-04-07,43786.83,185.6999969482422,-0.007351210919700368,0.0
2022-04-08,44444.58,185.6999969482422,0.015021640068486386,0.0
2022-04-10,44444.58,184.3000030517578,0.0,-0.00753900872101021
2022-04-11,46144.96,182.39999389648438,0.03825843331177836,-0.010309327855734463
2022-04-12,46407.26,181.75,0.005684261076399411,-0.0035635631482162644
2022-04-13,46165.5,181.3000030517578,-0.005209529715824668,-0.002475911682212839
2022-04-14,46484.43,180.75,0.006908405627578995,-0.003033662672365156
2022-04-15,46601.54,180.75,0.0025193381956065686,0.0
2022-04-17,46601.54,181.5,0.0,0.004149377593360981
2022-04-18,46539.59,181.25,-0.001329355210149763,-0.0013774104683195176
2022-04-19,46333.36,183.0500030517578,-0.0044312809803437325,0.009931051320043016
2022-04-20,45943.16,185.60000610351562,-0.008421577886861598,0.013930636488636239
2022-04-21,45652.62,186.41070556640625,-0.006323901098661877,0.00436799265210408
2022-04-22,45553.02,186.41070556640625,-0.002181692967457405,0.0
2022-04-24,45553.02,185.27000427246094,0.0,-0.006119290683865519
2022-04-25,46073.25,185.75,0.011420318565048104,0.0025907902869866106
2022-04-26,45817.67,187.39999389648438,-0.005547253558192744,0.008882874274478425
2022-04-27,45533.3,185.3000030517578,-0.006206557426425063,-0.011205928031601475
2022-04-28,45249.41,185.38999938964844,-0.006234777624288146,0.00048567909556629374
2022-05-01,45249.41,185.39999389648438,0.0,5.391071184446261e-05
2022-05-02,45249.41,185.3000030517578,0.0,-0.0005393249623427687
2022-05-03,45249.41,185.3800048828125,0.0,0.00043174220041608535
2022-05-04,45249.41,185.3800048828125,0.0,0.0
2022-05-05,45249.41,185.25,0.0,-0.000701288593096594
2022-05-06,44840.81,185.25,-0.009029951992744367,0.0
2022-05-08,44840.81,186.1999969482422,0.0,0.005128188654478727
2022-05-09,43393.14,187.39999389648438,-0.032284653198726754,0.006444666852361669
2022-05-10,43504.36,188.4499969482422,0.002563077942734804,0.00560300472761921
2022-05-11,42863.15,189.5,-0.014738982483594731,0.005571785984407329
2022-05-12,42898.44,191.39999389648438,0.0008233179316032846,0.010026353015748724
2022-05-13,43486.46,191.39999389648438,0.013707258352518181,0.0
2022-05-15,43486.46,192.6999969482422,0.0,0.006792074677185678
2022-05-16,42667.32,193.3000030517578,-0.018836667781189864,0.0031136798807360755
2022-05-17,42726.06,195.3000030517578,0.0013766976693168065,0.010346611321389698
2022-05-18,43026.88,197.5,0.007040667920234167,0.011264705140118014
2022-05-19,42983.45,199.8000030517578,-0.0010093690269896705,0.011645585072191489
2022-05-20,43100.7,199.8000030517578,0.0027277940695780156,0.0
2022-05-22,43100.7,200.0500030517578,0.0,0.0012512512321396496
2022-05-23,42440.25,200.5,-0.015323417021069208,0.002249422351299657
2022-05-24,41950.32,200.14999389648438,-0.011543994203615626,-0.0017456663516989268
2022-05-25,42012.66,202.0,0.0014860434914443221,0.009243098475798295
2022-05-26,42541.71,202.0,0.01259263279211531,0.0
2022-05-27,42861.45,202.0,0.007515917907390035,0.0
2022-05-29,42861.45,199.6999969482422,0.0,-0.011386153721573367
2022-05-30,43040.14,197.179931640625,0.004169014347391364,-0.01261925561406163
2022-05-31,43078.14,198.6999969482422,0.0008828967563767609,0.007709026445894107
2022-06-01,42756.04,197.5,-0.007477110200208248,-0.0060392398926647495
2022-06-02,42237.91,197.1999969482422,-0.012118287848921439,-0.0015190027937104222
2022-06-03,41314.87,197.1999969482422,-0.021853354013018134,0.0
2022-06-05,41314.87,196.64393615722656,0.0,-0.0028197809311405475
2022-06-06,41577.21,199.0,0.006349771886006161,0.011981370434375638
2022-06-07,41568.41,202.25,-0.00021165441355963655,0.01633165829145722
2022-06-08,41553.16,198.70367431640625,-0.0003668651266670597,-0.017534366791563616
2022-06-09,41735.96,201.6999969482422,0.004399184081306906,0.015079351915076922
2022-06-10,42014.73,201.6999969482422,0.00667937193729351,0.0
2022-06-12,42014.73,202.17864990234375,0.0,0.002373093511867541
2022-06-13,40879.93,203.39999389648438,-0.027009574975252804,0.006040914778739248
2022-06-14,41054.68,204.67845153808594,0.004274713777641104,0.0062854359880275545
2022-06-15,41438.79,205.5286102294922,0.009356058797681532,0.0041536306583209726
2022-06-16,41730.16,206.25454711914062,0.007031334650456689,0.0035320478683618095
2022-06-17,42140.76,206.25454711914062,0.009839406319074762,0.0
2022-06-19,42140.76,208.1505889892578,0.0,0.009192727610615847
2022-06-20,41776.98,208.75608825683594,-0.008632497373089576,0.0029089481347053248
2022-06-21,42525.95,211.0,0.01792781574924751,0.010748964314771792
2022-06-22,42458.14,211.1999969482422,-0.0015945557947558697,0.0009478528352711013
2022-06-23,42716.97,208.39999389648438,0.00609612196860243,-0.013257590398753627
2022-06-24,41051.79,208.39999389648438,-0.03898169743780988,0.0
2022-06-26,41051.79,208.0,0.0,-0.0019193565652552147
2022-06-27,41878.57,206.75,0.02013992568898937,-0.006009615384615419
2022-06-28,41765.62,204.27220153808594,-0.0026970834964039625,-0.01198451493066055
2022-06-29,41297.73,203.37098693847656,-0.01120275480167654,-0.004411831824514545
2022-06-30,41540.83,202.46780395507812,0.00588652209213425,-0.004441061121819079
2022-07-01,41630.35,202.46780395507812,0.0021549882368743223,0.0
2022-07-03,41630.35,203.04052734375,0.0,0.0028287133928659447
2022-07-04,41348.19,203.06207275390625,-0.006777747484707608,0.00010611384061154361
2022-07-05,41102.57,204.7817840576172,-0.005940284205910862,0.008468894660575543
2022-07-06,41159.79,206.2211151123047,0.0013921270616412684,0.007028608825297322
2022-07-07,41344.01,205.8525390625,0.004475727402885266,-0.0017872856986733687
2022-07-10,41344.01,204.83937072753906,0.0,-0.00492181607074238
2022-07-11,41344.01,206.29318237304688,0.0,0.007097325286365752
2022-07-12,41344.01,205.7030792236328,0.0,-0.0028605072771962226
2022-07-13,41862.76,209.2784881591797,0.012547162212857454,0.01738140697281354
2022-07-14,42348.91,207.9701385498047,0.011612946685789494,-0.006251715696550031
2022-07-15,42074.91,207.9701385498047,-0.006470060268375266,0.0
2022-07-17,42074.91,208.82302856445312,0.0,0.004101021524511639
2022-07-18,41367.11,214.02853393554688,-0.016822377041329495,0.024927831987108018
2022-07-19,40389.07,219.73301696777344,-0.023642937589790525,0.026652908971214195
2022-07-20,40459.69,223.4465789794922,0.0017484928471984684,0.016900336885937284
2022-07-21,39831.75,225.08355712890625,-0.015520138686183738,0.007326038093267595
2022-07-22,40077.3,225.08355712890625,0.006164680186032667,0.0
2022-07-24,40077.3,225.7296142578125,0.0,0.002870299088690187
2022-07-25,39844.01,228.24252319335938,-0.0058210009157303455,0.011132384839309672
2022-07-26,39894.05,231.27833557128906,0.0012558976870049587,0.013300818512937074
2022-07-27,39972.64,235.25,0.001969967952614393,0.01717266089320635
2022-07-28,40276.64,239.89999389648438,0.007605201958139407,0.01976618021884957
2022-07-29,40150.36,239.89999389648438,-0.0031353161534825036,0.0
2022-07-31,40150.36,206.75,0.0,-0.13818255414707692
2022-08-01,40075.96,239.10000610351562,-0.001853034443526802,0.15646919518024482
2022-08-02,40191.61,238.3000030517578,0.002885769922916337,-0.0033458930628862404
2022-08-03,41068.87,228.39999389648438,0.021826943483975958,-0.04154430981321977
2022-08-04,41425.37,225.39999389648438,0.008680540759947952,-0.013134851489355337
2022-08-05,42096.24,225.39999389648438,0.016194665249821494,0.0
2022-08-07,42096.24,223.20892333984375,0.0,-0.009720810186210072
2022-08-08,42096.24,224.0500030517578,0.0,0.0037681276327536928
2022-08-09,42096.24,224.0,0.0,-0.00022317809005456546
2022-08-10,42494.85,221.0,0.009469016710281108,-0.013392857142857095
2022-08-11,42243.33,219.3000030517578,-0.005918834870578316,-0.007692293883448831
2022-08-12,42857.57,219.3000030517578,0.014540520361439269,0.0
2022-08-14,42857.57,215.10000610351562,0.0,-0.019151832602806396
2022-08-15,43621.82,213.75,0.017832322271188028,-0.006276178824773937
2022-08-16,43436.48,213.39999389648438,-0.00424879108666254,-0.0016374554550439013
2022-08-17,43676.56,213.33578491210938,0.005527151371381711,-0.0003008855961174062
2022-08-18,43481.5,214.64999389648438,-0.004466011059478969,0.006160283821659007
2022-08-19,43270.65,214.64999389648438,-0.004849188735439158,0.0
2022-08-21,43270.65,214.39808654785156,0.0,-0.0011735725869822522
2022-08-22,42826.66,214.4499969482422,-0.010260765669108274,0.00024212156566538745
2022-08-23,43366.78,216.89999389648438,0.012611770331844685,0.01142456042484108
2022-08-24,43337.97,216.8000030517578,-0.0006643333906736215,-0.00046099975813873595
2022-08-25,43032.57,219.10000610351562,-0.00704693828529579,0.01060887001560018
2022-08-26,42591.51,219.10000610351562,-0.010249445942921764,0.0
2022-08-28,42591.51,219.87957763671875,0.0,0.00355806258095126
2022-08-29,42504.34,221.75,-0.0020466520205554284,0.008506576114911013
2022-08-30,42195.25,219.8000030517578,-0.007271963286572536,-0.008793672821836296
2022-08-31,42351.15,218.3000030517578,0.0036947286720661054,-0.006824385710526015
2022-09-01,42460.08,217.6999969482422,0.0025720671103381942,-0.002748539143965889
2022-09-02,42309.11,217.6999969482422,-0.0035555750248233986,0.0
2022-09-04,42309.11,218.89999389648438,0.0,0.005512158773835374
2022-09-05,41859.3,218.89999389648438,-0.010631516474820635,0.0
2022-09-06,41860.36,222.0,2.532292704371386e-05,0.014161745956839056
2022-09-07,41766.05,223.0,-0.0022529667685609045,0.0045045045045044585
2022-09-08,41824.79,223.0,0.0014064054417404215,0.0
2022-09-09,41948.16,223.0,0.0029496860593920537,0.0
2022-09-11,41948.16,224.90924072265625,0.0,0.008561617590386872
2022-09-12,41862.29,229.8000030517578,-0.002047050454656474,0.021745493041491093
2022-09-13,42001.34,230.08660888671875,0.003321605196466626,0.0012471968283498391
2022-09-14,42011.82,234.0,0.0002495158487800797,0.01700833930412693
2022-09-15,41772.08,235.6999969482422,-0.005706489268972326,0.007264944223257297
2022-09-16,41679.49,235.6999969482422,-0.002216552300005281,0.0
2022-09-18,41679.49,220.3172149658203,0.0,-0.06526424345181392
2022-09-19,41520.58,237.85000610351562,-0.003812666613722815,0.07957976021263402
2022-09-20,41220.91,238.5,-0.007217384728247955,0.0027327890679198497
2022-09-21,40965.58,237.8000030517578,-0.006194186397146528,-0.002934997686550034
2022-09-22,40927.94,239.1999969482422,-0.0009188201412014818,0.005887274510167462
2022-09-23,40620.21,239.1999969482422,-0.007518824548706893,0.0
2022-09-25,40620.21,239.10862731933594,0.0,-0.00038198005882927877
2022-09-26,41151.54,239.5,0.013080434591549395,0.0016367986594703066
2022-09-27,41518.23,236.39999389648438,0.00891072363270018,-0.012943658052257279
2022-09-28,41435.12,231.5,-0.002001771270114361,-0.020727555088812744
2022-09-29,41013.86,231.5,-0.01016673778186239,0.0
2022-09-30,41128.67,231.5,0.002799297603298001,0.0
2022-10-02,41128.67,227.60000610351562,0.0,-0.01684662590274033
2022-10-03,41211.69,227.60000610351562,0.0020185432692085836,0.0
2022-10-04,41350.43,223.61822509765625,0.003366520518813809,-0.01749464366907094
2022-10-05,41611.42,222.5884552001953,0.006311663506280318,-0.004605035645065314
2022-10-06,42160.57,222.5,0.01319709829657345,-0.0003973934771942522
2022-10-07,42085.25,222.5,-0.0017865033608416292,0.0
2022-10-09,42085.25,219.3662872314453,0.0,-0.014084102330582882
2022-10-10,42211.64,217.5,0.0030031899537248385,-0.00850763011490574
2022-10-11,42155.48,216.8000030517578,-0.0013304387131131135,-0.0032183767735273205
2022-10-12,42007.14,217.5,-0.0035188782099030425,0.003228768165999929
2022-10-13,42085.72,218.0,0.0018706343731089703,0.0022988505747125743
2022-10-14,41948.5,218.0,-0.003260488355670277,0.0
2022-10-16,41948.5,218.0,0.0,0.0
2022-10-17,41755.44,219.5,-0.004602309975326846,0.006880733944954143
2022-10-18,41839.26,219.5,0.0020074031072359055,0.0
2022-10-19,42226.05,220.5,0.009244666373162458,0.004555808656036442
2022-10-20,42137.04,220.5,-0.002107940477501513,0.0
2022-10-21,42213.48,220.5,0.0018140809131348412,0.0
2022-10-23,42213.48,216.75030517578125,0.0,-0.0170054187039399
2022-10-24,42347.23,218.5,0.0031684191874254974,0.008072398434686212
2022-10-25,42190.02,219.10000610351562,-0.0037124033850621796,0.002746023357050875
2022-10-26,41540.03,220.5,-0.01540625010369745,0.006389748322612743
2022-10-27,41602.85,221.0,0.001512276230902998,0.0022675736961450532
2022-10-28,41140.33,221.0,-0.011117507574601171,0.0
2022-10-31,41264.66,221.0,0.0030220953502317904,0.0
2022-11-01,41808.69,220.0500030517578,0.013183920575136288,-0.004298628725077802
2022-11-02,41944.59,220.0,0.003250520406164137,-0.0002272349514398364
2022-11-03,42090.71,221.0,0.003483643540203918,0.00454545454545463
2022-11-04,41856.31,221.0,-0.00556892482925575,0.0
2022-11-07,42047.36,217.79808044433594,0.0045644252921484,-0.014488323781285395
2022-11-08,42265.36,221.0,0.005184629903042692,0.01470132128406143
2022-11-09,42265.36,221.3000030517578,0.0,0.0013574798722073567
2022-11-10,42901.27,221.0,0.015045654408243347,-0.00135563961871088
2022-11-11,43092.95,221.0399932861328,0.0044679330005847895,0.0001809650956234865
2022-11-14,42850.83,218.20323181152344,-0.005618552454635717,-0.012833702319820617
2022-11-15,42796.85,221.0,-0.0012597188899259315,0.012817262903293436
2022-11-16,42983.75,221.25,0.004367143843530652,0.0011312217194570096
2022-11-17,42819.72,222.0500030517578,-0.0038160932910692447,0.003615833002295288
2022-11-18,42730.24,222.0,-0.0020896913851843335,-0.0002251882507119385
2022-11-21,42761.19,222.0,0.0007243114010127005,0.0
2022-11-22,42928.62,223.5,0.003915466337583329,0.006756756756756799
2022-11-23,42880.31,223.3000030517578,-0.0011253564638230573,-0.0008948409317324213
2022-11-24,42903.65,223.0,0.0005443057664462625,-0.0013434977503706813
2022-11-25,42936.73,222.9915313720703,0.0007710299706435997,-3.797590999854439e-05
2022-11-28,42071.34,223.0,-0.020155004817553834,3.797735222321741e-05
2022-11-29,42373.59,223.6999969482422,0.007184225651001297,0.0031389997679021064
2022-11-30,42348.63,223.5,-0.0005890461487921828,-0.000894040907333804
2022-12-01,42393.52,223.5500030517578,0.001060010678031409,0.000223727300929788
2022-12-02,42150.1,223.10000610351562,-0.005741915273843712,-0.002012958810552967
2022-12-05,41612.67,222.8076934814453,-0.012750384933843617,-0.001310231349499258
2022-12-06,41539.94,224.0,-0.0017477849895235487,0.00535128073866975
2022-12-07,41819.29,223.6999969482422,0.0067248532376309456,-0.001339299338204536
2022-12-08,41651.61,223.05606079101562,-0.004009632875163649,-0.002878570254855939
2022-12-09,41698.28,224.0,0.0011204848984227578,0.004231847391354959
2022-12-12,41540.55,223.33949279785156,-0.003782650027770784,-0.0029486928667340484
2022-12-13,41714.3,223.22653198242188,0.004182660075516598,-0.0005057807466766207
2022-12-14,41737.62,224.5500030517578,0.0005590409044380351,0.005928825115825154
2022-12-15,41179.76,224.5,-0.013365879511098133,-0.00022268114485968216
2022-12-16,41301.48,224.5500030517578,0.002955821014984039,0.00022273074279643978
2022-12-19,40970.82,224.125,-0.008006008501390327,-0.0018926878021900961
2022-12-20,39832.44,224.5,-0.027785140741630188,0.001673173452314547
2022-12-21,39342.89,224.89999389648438,-0.012290233789343685,0.0017817100066119806
2022-12-22,39838.33,225.0,0.012592872562234403,0.000444669214004767
2022-12-23,39669.19,225.1999969482422,-0.004245659895884213,0.0008888753255207327
2022-12-26,40155.16,225.0,0.012250565237152511,-0.000888085927852611
2022-12-27,39802.91,225.4499969482422,-0.008772222548733444,0.0019999864366320175
2022-12-28,39279.43,225.75,-0.013151802217476138,0.0013306855436625575
2022-12-29,39747.35,226.0,0.01191259649134424,0.001107419712070845
2022-12-30,40420.44,226.0,0.016934210708386965,0.0
2023-01-02,40815.9,226.10000610351562,0.009783663908656148,0.0004425048828125
2023-01-03,40630.64,225.22467041015625,-0.004538917431687217,-0.003871453647633305
2023-01-04,40539.3,226.5500030517578,-0.0022480571312682995,0.005884491424442917
2023-01-05,40716.74,226.5500030517578,0.004376987269143706,0.0
2023-01-06,41007.51,226.75,0.00714128881634446,0.0008827938448383588
2023-01-09,40504.76,227.0,-0.012259949458038322,0.0011025358324145973
2023-01-10,40801.5,227.1999969482422,0.007326052542960371,0.000881043824855432
2023-01-11,40758.19,228.0,-0.0010614805828216278,0.003521140239892029
2023-01-12,40803.89,228.0500030517578,0.0011212470426189558,0.00021931163051669422
2023-01-13,40323.44,228.0,-0.011774612665606088,-0.0002192635434714596
2023-01-16,39720.75,226.5553741455078,-0.014946393462462626,-0.006336078309176263
2023-01-17,38342.21,227.40565490722656,-0.03470578979500638,0.0037530814041633054
2023-01-18,38791.08,228.25,0.011706941253516678,0.003712946773983594
2023-01-19,38831.58,228.3000030517578,0.0010440544578804722,0.00021907142062560503
2023-01-20,38407.98,228.89999389648438,-0.010908647034192254,0.00262808075648846
2023-01-23,38443.58,228.3695068359375,0.000926890713856876,-0.0023175494744083203
2023-01-24,39055.65,229.89999389648438,0.015921253951895142,0.006701801312056999
2023-01-25,39784.9,230.03819274902344,0.018672074334955324,0.0006011259513181155
2023-01-26,40846.53,229.89999389648438,0.026684244524932677,-0.0006007648159965795
2023-01-27,40450.53,250.0,-0.00969482597420146,0.08742934596408003
2023-01-30,39871.26,249.15179443359375,-0.014320455133715049,-0.003392822265624984
2023-01-31,40673.06,269.0,0.020109723143938663,0.07966310502209284
2023-02-01,40619.94,267.5,-0.0013060241840666675,-0.005576208178438624
2023-02-02,40733.51,266.5,0.002795917473044085,-0.0037383177570093906
2023-02-03,40471.16,270.20001220703125,-0.006440643097047061,0.013883723103306655
2023-02-06,41190.76,276.33209228515625,0.01778056275135187,0.022694595858961275
2023-02-07,41522.76,274.79998779296875,0.008060060071724884,-0.005544431989486287
2023-02-08,41723.32,275.95001220703125,0.004830122082443378,0.0041849507465367974
2023-02-09,42466.59,274.0,0.017814258309261977,-0.007066541477694366
2023-02-10,41741.78,269.1499938964844,-0.0170677702165396,-0.017700752202611802
2023-02-13,41716.94,267.7793884277344,-0.000595087224358859,-0.005092348132384239
2023-02-14,41150.16,265.52496337890625,-0.013586327280955879,-0.008418964066147727
2023-02-15,41326.85,267.0,0.0042937864640135714,0.00555517116855353
2023-02-16,41078.65,264.3621826171875,-0.006005780745447553,-0.009879465853230296
2023-02-17,41118.61,262.7456359863281,0.0009727680924276338,-0.006114893646494979
2023-02-20,40673.64,259.77130126953125,-0.010821620672488708,-0.011320205968907704
2023-02-21,40949.83,260.1810607910156,0.00679039299162798,0.0015773856445335799
2023-02-22,41167.6,260.95068359375,0.005317970794994631,0.0029580277687950574
2023-02-23,40838.51,260.1884765625,-0.007993907830429636,-0.0029208853594597795
2023-02-24,40707.76,259.44097900390625,-0.00320163492742509,-0.002872908010644326
2023-02-27,40784.12,256.2899169921875,0.0018758094279813786,-0.012145583260658732
2023-02-28,40510.37,259.5,-0.006712171305890635,0.012525202105045485
2023-03-01,40412.76,261.1000061035156,-0.002409506504137071,0.00616572679582128
2023-03-02,40670.87,264.73065185546875,0.006386844155162885,0.013905192137428468
2023-03-03,41337.0,281.3999938964844,0.016378553003660867,0.06296717786241213
2023-03-06,41434.33,275.5,0.0023545491932168705,-0.020966574358401546
2023-03-07,41334.69,275.25,-0.0024047691853590347,-0.0009074410163338875
2023-03-08,41358.93,275.5,0.0005864323646795899,0.0009082652134422275
2023-03-09,41585.54,277.79998779296875,0.0054791069304742646,0.008348413041628922
2023-03-10,41793.87,282.70001220703125,0.0050096740357346015,0.01763867757155646
2023-03-13,41856.85,277.79541015625,0.0015069195554275883,-0.017349139862043672
2023-03-14,41816.43,281.70001220703125,-0.000965672285420438,0.014055675176868565
2023-03-15,41874.04,281.25,0.0013776881479361514,-0.0015974873536764855
2023-03-16,41694.08,283.0,-0.004297650764053307,0.006222222222222129
2023-03-17,41329.94,283.0,-0.008733613980689836,0.0
2023-03-20,40918.44,276.3259582519531,-0.009956462554748469,-0.023583186388858257
2023-03-21,40877.98,280.3904724121094,-0.000988796249319357,0.014709128978936725
2023-03-22,40376.1,280.1315612792969,-0.012277514691283797,-0.0009233949020633903
2023-03-23,40376.1,281.5377197265625,0.0,0.005019635919794263
2023-03-24,39942.05,281.0782775878906,-0.010750171512355022,-0.001631902606578306
2023-03-26,39942.05,281.6250305175781,0.0,0.0019451980934974689
2023-03-27,40000.37,283.29998779296875,0.0014601153421018864,0.005947473036442608
2023-03-28,40082.37,281.6827697753906,0.002049981037675508,-0.005708500131528238
2023-03-29,39879.89,283.07000732421875,-0.005051597497852667,0.0049248221676259085
2023-03-30,39848.35,283.29998779296875,-0.0007908747993036203,0.0008124508524374185
2023-03-31,40000.83,283.29998779296875,0.003826507245594968,0.0
2023-04-02,40000.83,283.3999938964844,0.0,0.00035300426341255964
2023-04-03,39889.9,284.5,-0.0027731924562565125,0.003881461281602716
2023-04-04,39687.26,286.5,-0.005079982652250292,0.007029876977152849
2023-04-05,39717.15,287.8999938964844,0.0007531384126795437,0.004886540650905324
2023-04-06,40350.89,286.40618896484375,0.01595633120704787,-0.005188624394961705
2023-04-07,40049.65,286.40618896484375,-0.007465510673990039,0.0
2023-04-09,40049.65,277.6033630371094,0.0,-0.030735459870997794
2023-04-10,39835.9,286.0,-0.005337125293229827,0.030246884875700042
2023-04-11,39804.71,287.70001220703125,-0.0007829621020236655,0.0059440986259833295
2023-04-12,40126.05,287.5,0.008072913984299879,-0.0006952109786054761
2023-04-13,40205.54,284.3999938964844,0.0019810073505863723,-0.010782629925271792
2023-04-16,40205.54,278.2756652832031,0.0,-0.0215342079631351
2023-04-17,40246.66,284.0,0.0010227446267356832,0.020570734099121468
2023-04-18,40448.05,283.3999938964844,0.005003893490789002,-0.0021126975475902476
2023-04-19,40499.33,279.11846923828125,0.0012677990657150584,-0.015107709069912767
2023-04-20,41007.82,283.0,0.012555516350517326,0.013906391692070752
2023-04-23,41007.82,283.0,0.0,0.0
2023-04-24,41007.82,277.62091064453125,0.0,-0.019007382881515045
2023-04-25,41007.82,283.0299987792969,0.0,0.019483720164334084
2023-04-26,41099.58,283.29998779296875,0.002237621995024419,0.00095392366475755
2023-04-27,41463.91,283.25,0.008864567472465668,-0.00017644827081775283
2023-04-28,41580.85,283.25,0.002820283952960523,0.0
2023-04-30,41580.85,278.5284729003906,0.0,-0.016669115973907744
2023-05-01,41580.85,283.25,0.0,0.016951685586909182
2023-05-02,41927.64,283.25,0.008340137346879661,0.0
2023-05-03,42087.93,283.29998779296875,0.003823015080266945,0.00017647941030451975
2023-05-04,42093.8,283.3999938964844,0.00013946991453384072,0.00035300426341255964
2023-05-05,42241.98,283.3999938964844,0.0035202333835386845,0.0
2023-05-07,42241.98,283.0,0.0,-0.0014114110977380134
2023-05-08,41829.49,283.17999267578125,-0.009764930526457438,0.0006360165221952485
2023-05-09,41373.81,284.0,-0.010893749840124811,0.0028957106625735474
2023-05-10,41074.94,284.0,-0.007223651870591485,0.0
2023-05-11,41325.62,295.20001220703125,0.006102991264259838,0.03943666270081425
2023-05-12,41487.58,295.20001220703125,0.003919118454847048,0.0
2023-05-14,41487.58,282.90087890625,0.0,-0.041663728970836034
2023-05-15,41718.42,284.29998779296875,0.005564074838783073,0.004945579851600268
2023-05-16,42006.24,284.70001220703125,0.00689911075251648,0.0014070504088583569
2023-05-17,41833.66,284.5,-0.004108437222660077,-0.0007025366998782978
2023-05-18,41442.07,285.1000061035156,-0.009360644036405241,0.002108984546627779
2023-05-19,41599.18,285.1000061035156,0.0037910751079759386,0.0
2023-05-21,41599.18,283.50616455078125,0.0,-0.005590464814496321
2023-05-22,41195.06,286.0,-0.009714614566921798,0.008796406431480053
2023-05-23,41099.3,286.5,-0.0023245505650433262,0.0017482517482516613
2023-05-24,41117.32,287.0,0.00043845028990752155,0.0017452006980802626
2023-05-25,41029.67,285.5,-0.002131705081946045,-0.005226480836236891
2023-05-26,40964.54,285.5,-0.0015873878585910273,0.0
2023-05-28,40964.54,284.1554870605469,0.0,-0.004709327283548559
2023-05-29,41340.06,283.77081298828125,0.009166952686396446,-0.001353745008568663
2023-05-30,41671.65,285.6000061035156,0.008021033351185425,0.006446022746214863
2023-05-31,41330.56,285.0,-0.008185181052346224,-0.0021008616620902254
2023-06-01,41266.77,283.69195556640625,-0.0015434100094458003,-0.004589629591557065
2023-06-02,41352.98,283.69195556640625,0.002089090083861711,0.0
2023-06-04,41352.98,285.1933898925781,0.0,0.005292481146228489
2023-06-05,41667.94,285.75,0.007616379762716008,0.0019516935775809596
2023-06-06,41923.46,286.0,0.0061322925971381,0.0008748906386701893
2023-06-07,42142.71,286.25,0.005229768726149997,0.0008741258741258306
2023-06-08,41686.46,286.70001220703125,-0.010826308986773725,0.001572095046397326
2023-06-09,41904.2,286.70001220703125,0.0052232787336703446,0.0
2023-06-11,41904.2,285.4004821777344,0.0,-0.004532717035109379
2023-06-12,41782.92,287.1000061035156,-0.0028942206270492488,0.005954874052114922
2023-06-13,41538.72,287.1000061035156,-0.005844493395866013,0.0
2023-06-14,41514.44,286.75,-0.0005845148815369905,-0.001219108659264334
2023-06-15,41369.16,287.0,-0.0034995052323961717,0.0008718395815170421
2023-06-16,41301.29,287.0,-0.001640594104400539,0.0
2023-06-18,41301.29,285.1160583496094,0.0,-0.006564256621570119
2023-06-19,40621.21,287.0,-0.0164663137640495,0.006607630805840259
2023-06-20,40653.03,287.0,0.0007833346175556422,0.0
2023-06-21,40220.79,286.5,-0.010632417805019667,-0.0017421602787456303
2023-06-22,40152.05,286.25,-0.0017090663808443374,-0.0008726003490401313
2023-06-23,40065.32,286.25,-0.0021600391511766848,0.0
2023-06-25,40065.32,283.2684326171875,0.0,-0.010415955922489117
2023-06-26,41437.1,286.20001220703125,0.034238588385167024,0.010349122077451867
2023-06-27,41452.68,286.20001220703125,0.0003759915631162958,0.0
2023-06-28,41452.68,286.0,0.0,-0.0006988546418599251
2023-06-29,41452.68,286.1000061035156,0.0,0.0003496716906141728
2023-07-02,41452.68,283.2490539550781,0.0,-0.0099648797190377
2023-07-03,43899.0,286.1000061035156,0.059014760927399657,0.010065178007230502
2023-07-04,43557.01,273.63580322265625,-0.007790382468848889,-0.04356589519382825
2023-07-05,43552.83,276.8999938964844,-9.596618317009309e-05,0.011928960448103654
2023-07-06,44178.85,276.75,0.014373807626278268,-0.0005416897789476405
2023-07-07,44207.31,276.75,0.0006441996566231012,0.0
2023-07-09,44207.31,270.91705322265625,0.0,-0.021076591788053323
2023-07-10,44585.12,279.25,0.008546324126032623,0.030758295493843457
2023-07-11,45155.79,278.70001220703125,0.012799561826905448,-0.001969517611347338
2023-07-12,45514.95,277.25,0.007953797287125308,-0.005202770518553557
2023-07-13,45266.96,275.25,-0.005448539435943478,-0.007213706041478862
2023-07-14,45067.98,275.25,-0.0043957005285973905,0.0
2023-07-16,45067.98,271.8956298828125,0.0,-0.012186630761807482
2023-07-17,45042.61,278.0,-0.0005629273821459169,0.02245115200938863
2023-07-18,45009.33,280.0,-0.0007388559410744788,0.007194244604316502
2023-07-19,45095.11,283.75,0.0019058270807408295,0.013392857142857206
2023-07-20,45398.31,284.0,0.006723567145085152,0.0008810572687225626
2023-07-21,45920.73,284.0,0.011507476820172613,0.0
2023-07-23,45920.73,285.1324462890625,0.0,0.00398748693331874
2023-07-24,46054.81,287.75,0.0029198142102704328,0.009180132759369908
2023-07-25,46417.34,287.75,0.007871707645737747,0.0
2023-07-26,46682.52,287.0,0.005712951237619501,-0.0026064291920069316
2023-07-27,47076.99,287.0,0.008450057966022495,0.0
2023-07-30,47076.99,283.8592834472656,0.0,-0.010943263249945545
2023-07-31,48034.59,286.3999938964844,0.020341147554250982,0.008950598403419052
2023-08-01,48230.5,286.6499938964844,0.004078519250398482,0.0008729050465354771
2023-08-02,48764.55,283.93975830078125,0.011072868827816551,-0.009454860120045372
2023-08-03,48611.18,288.5,-0.0031451125869099705,0.016060595833810698
2023-08-04,48585.71,288.5,-0.0005239535431973419,0.0
2023-08-06,48585.71,280.1833801269531,0.0,-0.028827105279191967
2023-08-07,48386.25,282.12744140625,-0.0041053223262560445,0.0069385317516550415
2023-08-08,47429.82,286.4660949707031,-0.019766565914903556,0.015378346547316735
2023-08-09,48227.6,286.0170593261719,0.01682021985324833,-0.0015675001419528378
2023-08-10,47808.34,286.1504211425781,-0.008693362307060748,0.00046627224516071486
2023-08-11,48424.4,286.1504211425781,0.012886036202051976,0.0
2023-08-13,48424.4,288.026611328125,0.0,0.006556657082856576
2023-08-14,48424.4,287.70001220703125,0.0,-0.0011339199513119569
2023-08-15,48565.75,290.70001220703125,0.0029189829920452937,0.010427528233266647
2023-08-16,48146.43,293.0,-0.008634068247684867,0.007911894380419726
2023-08-17,48325.84,294.0,0.0037263406653409437,0.0034129692832765013
2023-08-18,48218.49,294.0,-0.0022213788730831574,0.0
2023-08-20,48218.49,294.75390625,0.0,0.0025643069727891987
2023-08-21,47447.95,296.0,-0.01598017689894482,0.004227573319903977
2023-08-22,47417.9,297.0,-0.0006333255704408236,0.0033783783783782884
2023-08-23,47418.63,297.0,1.539503014669208e-05,0.0
2023-08-24,47750.76,299.0,0.007004209105155645,0.006734006734006703
2023-08-25,47671.21,299.0,-0.0016659420708696748,0.0
2023-08-27,47671.21,301.7005615234375,0.0,0.009031978339255842
2023-08-28,47478.61,302.0621032714844,-0.004040174352612391,0.0011983462881914875
2023-08-29,46770.41,302.6994323730469,-0.014916190680392627,0.002109927378045384
2023-08-30,46244.55,303.22711181640625,-0.011243433615399145,0.0017432455661465784
2023-08-31,45002.41,305.0551452636719,-0.02686024623442107,0.006028594990451941
2023-09-01,45312.65,305.0551452636719,0.006893853018093976,0.0
2023-09-03,45312.65,306.1438293457031,0.0,0.0035688107508897726
2023-09-04,45707.42,305.1525573730469,0.00871213667706483,-0.003237928965528436
2023-09-05,45491.48,306.60626220703125,-0.00472439704538119,0.004763862529938434
2023-09-06,45807.57,307.0,0.006948334061674721,0.0012841805321734956
2023-09-07,45757.23,304.5,-0.0010989449997019785,-0.008143322475570036
2023-09-08,46013.48,304.5,0.005600207879716601,0.0
2023-09-10,46013.48,304.5747985839844,0.0,0.00024564395397175254
2023-09-11,45865.73,300.6000061035156,-0.0032110155545722607,-0.013050299955702727
2023-09-12,45508.39,299.25,-0.0077910021272964425,-0.004491038177326989
2023-09-13,45590.92,299.25,0.0018135117502509068,0.0
2023-09-14,45650.05,297.5,0.0012969687823805032,-0.005847953216374324
2023-09-15,45753.51,297.5,0.002266372106930925,0.0
2023-09-17,45753.51,294.9211730957031,0.0,-0.008668325728728998
2023-09-18,45803.19,295.75,0.001085818333937727,0.0028103336752560715
2023-09-19,45910.46,294.5,0.0023419766177856793,-0.004226542688081203
2023-09-20,45889.57,293.6000061035156,-0.00045501613357823434,-0.003056006439675296
2023-09-21,46202.12,292.5,0.006810915857350608,-0.0037466147161039354
2023-09-22,46421.15,292.5,0.004740691552681975,0.0
2023-09-24,46421.15,285.7248229980469,0.0,-0.02316299829727564
2023-09-25,46393.67,290.0,-0.0005919715474520526,0.014962567679960959
2023-09-26,46277.65,290.25,-0.0025007721958619777,0.0008620689655172153
2023-09-27,46365.04,288.25,0.0018883845657677867,-0.006890611541774283
2023-09-28,46232.59,287.5,-0.0028566782213496067,-0.002601908065914982
2023-10-01,46232.59,287.8591613769531,0.0,0.0012492569633151263
2023-10-02,46627.08,286.5,0.008532725508132,-0.004721619317070491
2023-10-03,46756.8,285.25,0.002782074279581659,-0.004363001745200656
2023-10-04,47079.83,284.25,0.006908727714471485,-0.0035056967572304476
2023-10-05,47452.38,277.555908203125,0.007913155166447972,-0.02355001511653476
2023-10-06,47493.57,277.555908203125,0.0008680281157658065,0.0
2023-10-08,47493.57,276.17138671875,0.0,-0.0049882616202922
2023-10-09,47721.79,279.8606262207031,0.004805282062392946,0.013358514601334193
2023-10-10,48140.27,280.25,0.008769159748617916,0.0013913131852631988
2023-10-11,48474.54,279.0,0.006943666913376445,-0.004460303300624413
2023-10-12,48771.71,278.0,0.006130434657038553,-0.0035842293906810374
2023-10-13,49493.47,278.0,0.014798742959801992,0.0
2023-10-15,49493.47,276.0469055175781,0.0,-0.007025519720942008
2023-10-16,49731.35,276.3999938964844,0.004806290607629604,0.001279088342773571
2023-10-17,49531.01,276.0,-0.004028444834093481,-0.0014471559526668676
2023-10-18,49431.47,278.248779296875,-0.0020096501161596114,0.008147751075634035
2023-10-19,50365.15,278.29998779296875,0.018888372124074015,0.0001840385292009028
2023-10-20,50731.86,278.29998779296875,0.0072810266622853614,0.0
2023-10-22,50731.86,273.49114990234375,0.0,-0.01727933202139542
2023-10-23,51070.82,278.1000061035156,0.006681402968469863,0.016851939094985502
2023-10-24,51027.94,279.0,-0.0008396183965716508,0.0032362239364689405
2023-10-25,51177.13,279.70001220703125,0.0029236923928341874,0.0025090043262769868
2023-10-26,51185.28,279.70001220703125,0.00015925082160728188,0.0
2023-10-27,50943.83,279.70001220703125,-0.00471717650074388,0.0
2023-10-30,51482.92,275.371337890625,0.010582046932867017,-0.015476132025343703
2023-10-31,51920.27,280.70001220703125,0.0084950503972967,0.019350867658284532
2023-11-01,52342.63,280.70001220703125,0.008134780500948846,0.0
2023-11-02,52656.76,281.75,0.006001417964668576,0.003740604728561081
2023-11-03,53123.03,281.02227783203125,0.008854893464770752,-0.002582864837511134
2023-11-06,53860.36,276.90863037109375,0.013879667631910397,-0.014638154286815142
2023-11-07,53735.73,284.5,-0.002313946657616084,0.02741470938891588
2023-11-08,54261.42,284.5,0.009782876309673227,0.0
2023-11-09,54261.42,286.5,0.0,0.007029876977152849
2023-11-10,55391.36,282.0,0.020824003500092836,-0.015706806282722474
2023-11-13,56523.58,280.5898132324219,0.020440371928040824,-0.0050006622963763014
2023-11-14,56665.93,287.0,0.0025184179770636472,0.022845400885128875
2023-11-15,56680.06,287.5,0.0002493561828067481,0.0017421602787457413
2023-11-16,57397.02,287.75,0.012649245607714521,0.0008695652173913437
2023-11-17,57063.15,287.75,-0.005816852512551929,0.0
2023-11-20,57077.96,283.63763427734375,0.00025953702170311566,-0.014291453423653344
2023-11-21,57371.58,288.5,0.005144192259148861,0.017142879276386136
2023-11-22,58198.76,285.1000061035156,0.014417940032329657,-0.011785074164590514
2023-11-23,58899.84,283.337158203125,0.0120463047666306,-0.006183261531571338
2023-11-24,59086.35,280.71673583984375,0.003166562082341784,-0.00924842466798037
2023-11-27,59811.34,279.60540771484375,0.012270008216787698,-0.003958895153419184
2023-11-28,60730.26,285.0,0.015363641744191137,0.019293590668524985
2023-11-29,60501.99,285.25,-0.0037587522266495643,0.0008771929824560321
2023-11-30,60531.27,285.25,0.0004839510237597544,0.0
2023-12-01,61691.25,283.5511474609375,0.019163318397251494,-0.005955661837204196
2023-12-04,62493.05,280.35223388671875,0.012996980933276614,-0.011281610400322717
2023-12-05,62956.02,284.29998779296875,0.007408343807831397,0.014081406991196532
2023-12-06,63917.72,284.25,0.015275743288727606,-0.00017582762966961152
2023-12-07,64718.07,283.2098388671875,0.012521566789303495,-0.0036593179694370814
2023-12-08,66223.63,283.70001220703125,0.023263363694251193,0.001730777934143779
2023-12-11,66012.32,282.73809814453125,-0.003190854986354519,-0.003390602823795552
2023-12-12,66426.78,283.5,0.00627852497836745,0.0026947265347991856
2023-12-13,65280.16,282.1758728027344,-0.017261411737856225,-0.004670642671130931
2023-12-14,65450.18,283.29998779296875,0.0026044666557190066,0.003983738861402353
2023-12-15,66130.02,283.0,0.010387137208790032,-0.0010589050684604029
2023-12-18,65204.67,279.8466491699219,-0.013992888555001248,-0.011142582438438575
2023-12-19,62833.03,278.257080078125,-0.0363722414360812,-0.0056801433803543855
2023-12-20,62448.01,283.0,-0.0061276688391439516,0.017045100597416374
2023-12-21,62693.56,282.70001220703125,0.003932070853819081,-0.0010600275369920809
2023-12-22,61705.09,282.6000061035156,-0.01576669118805829,-0.00035375344604648973
2023-12-25,61705.09,277.8525695800781,0.0,-0.016799138078215536
2023-12-26,59170.97,277.8525695800781,-0.041068248988859635,0.0
2023-12-27,60863.62,282.0,0.028606088424779852,0.014926730482248018
2023-12-28,62052.23,282.0,0.01952907171804763,0.0
2023-12-29,62451.04,281.5,0.006427005121330875,-0.0017730496453900457
2024-01-01,64661.78,277.28125,0.0353995706076311,-0.014986678507992846
2024-01-02,64349.6,277.53228759765625,-0.00482789060245481,0.0009053536712497756
2024-01-03,64646.84,281.5,0.004619142931735265,0.014296399300739449
2024-01-04,64639.15,281.5,-0.0001189539968232678,0.0
2024-01-05,64514.89,281.25,-0.0019223643875267982,-0.000888099467140302
2024-01-08,64237.02,275.7870178222656,-0.0043070677172355465,-0.019423936631944416
2024-01-09,64170.57,280.8999938964844,-0.001034450228232786,0.018539582155074008
2024-01-10,63919.84,279.75384521484375,-0.0039072428373319035,-0.004080273074206553
2024-01-11,64617.56,281.0,0.010915546722269687,0.004454468835626724
2024-01-12,64637.63,279.68206787109375,0.0003105966861021159,-0.004690149924933329
2024-01-15,64269.37,275.392822265625,-0.005697300473423872,-0.015336148070264066
2024-01-16,63737.46,278.5057373046875,-0.008276259748617454,0.011303544563917578
2024-01-17,63567.33,279.16552734375,-0.00266923093577931,0.0023690357169938725
2024-01-18,63202.4,279.25,-0.00574084203316394,0.0003025898543196348
2024-01-19,63282.22,279.25,0.0012629267243016162,0.0
2024-01-22,63939.41,278.2182922363281,0.010385065504971314,-0.0036945667454677533
2024-01-23,64454.22,279.25,0.008051528783265205,0.0037082671860968475
2024-01-24,64822.43,279.5,0.005712736885187697,0.0008952551477170445
2024-01-25,64298.0,279.5,-0.008090255178647254,0.0
2024-01-26,63813.06,279.25,-0.0075420697377834856,-0.0008944543828264262
2024-01-29,62773.72,278.33465576171875,-0.01628726157310112,-0.0032778665650179395
2024-01-30,61841.74,279.1000061035156,-0.01484665876102298,0.0027497486423397888
2024-01-31,61979.18,279.0,0.0022224471691774106,-0.00035831637881988954
2024-02-01,62393.73,279.1199951171875,0.006688536376247667,0.00043009002576166466
2024-02-02,63002.91,279.1000061035156,0.009763481042085465,-7.161440965020027e-05
2024-02-05,63002.91,277.9053039550781,0.0,-0.004280552211791799
2024-02-06,63799.01,275.8265686035156,0.012635924277148547,-0.007480013234646754
2024-02-07,64143.87,279.25,0.005405413030703743,0.012411536038086979
2024-02-08,64143.87,279.0,0.0,-0.0008952551477170445
2024-02-09,62943.74,279.04998779296875,-0.018709971818039683,0.00017916771673376353
2024-02-12,61065.31,275.0093994140625,-0.029842999478582044,-0.014479801310380402
2024-02-13,61226.92,279.0,0.0026465107603645954,0.014510778884066822
2024-02-14,62153.84,278.8999938964844,0.015139092412291832,-0.0003584448154682063
2024-02-15,61020.05,279.0,-0.01824167259818532,0.0003585733442243999
2024-02-16,59872.96,279.1000061035156,-0.018798575222406466,0.00035844481546809526
2024-02-19,60459.74,277.7719421386719,0.009800417417144658,-0.004758380278756413
2024-02-20,60464.24,275.3194274902344,7.442969486803896e-05,-0.008829238221667257
2024-02-21,61559.15,279.3999938964844,0.018108389355427246,0.014821207654860169
2024-02-22,61914.34,279.0,0.005769897732506024,-0.0014316174131075998
2024-02-23,62815.81,279.25,0.014559954931280927,0.0008960573476701761
2024-02-26,63305.93,277.653564453125,0.007802494308359664,-0.005716868565353583
2024-02-27,63219.09,277.7193298339844,-0.0013717514299214084,0.00023686128787470118
2024-02-28,63703.44,279.1000061035156,0.007661451627981375,0.004971480632466552
2024-02-29,64578.52,277.0768737792969,0.013736777794103316,-0.007248772052940722
2024-03-01,65325.68,278.79998779296875,0.011569791317608491,0.006218902321831532
2024-03-04,65951.72,276.8562316894531,0.009583367521011743,-0.006971865812845812
2024-03-05,65726.04,277.97344970703125,-0.003421897108976224,0.004035372477478871
2024-03-06,65656.62,277.9156494140625,-0.0010562023818869726,-0.0002079345816288214
2024-03-07,65603.08,279.0,-0.0008154547096697051,0.003901725535153
2024-03-08,65793.75,276.5589904785156,0.0029064184181595287,-0.00874913806983646
2024-03-11,65755.3,277.4576721191406,-0.0005844020138690009,0.0032495115746193903
2024-03-12,64801.7,278.70001220703125,-0.014502253050324598,0.004477584196544315
2024-03-13,64048.44,278.70001220703125,-0.011624077763391916,0.0
2024-03-14,65064.26,278.5,0.015860183323746835,-0.0007176612783306169
2024-03-15,64816.46,278.5,-0.003808542508590751,0.0
2024-03-18,64890.5,278.00146484375,0.0011423024336718601,-0.0017900723743267122
2024-03-19,65502.59,278.45001220703125,0.009432659634307061,0.0016134712222950487
2024-03-20,65731.79,278.45001220703125,0.003499098279930557,0.0
2024-03-21,65417.4,278.0,-0.004782921627419445,-0.0016161328328355706
2024-03-22,65151.82,276.8576354980469,-0.0040597761451846015,-0.0041092248271694665
2024-03-25,65525.64,276.3814392089844,0.005737675478597604,-0.001720004175452372
2024-03-26,65906.27,277.79998779296875,0.005808871153337947,0.005132575429248609
2024-03-27,66547.78,277.0,0.009733671773565655,-0.0028797258031737494
2024-03-28,67142.12,277.5,0.008931026699913858,0.0018050541516245744
2024-03-29,67005.1,277.5,-0.002040745809038902,0.0
2024-03-31,67005.1,276.1020202636719,0.0,-0.0050377648155968124
2024-04-01,66796.32,277.54998779296875,-0.003115882223890365,0.005244320660580781
2024-04-02,66886.26,276.34368896484375,0.001346481363045049,-0.004346239888955772
2024-04-03,67756.03,277.5,0.01300371705638792,0.004184322209375146
2024-04-04,68416.78,277.5,0.009751899572628453,0.0
2024-04-07,68416.78,276.30792236328125,0.0,-0.004295775267454949
2024-04-08,69619.98,276.02947998046875,0.017586328967835074,-0.001007724933946741
2024-04-09,70314.71,277.6000061035156,0.009978888244438044,0.005689704314039146
2024-04-10,70314.71,277.6000061035156,0.0,0.0
2024-04-11,70314.71,276.49627685546875,0.0,-0.0039759698262950005
2024-04-14,70314.71,275.80340576171875,0.0,-0.0025058966494228008
2024-04-15,70544.58,277.6000061035156,0.003269159468907601,0.0065140614809848785
2024-04-16,70483.66,278.0,-0.0008635674065958776,0.0014409001717932135
2024-04-17,70333.31,276.1171875,-0.0021331185128582453,-0.006772706834532349
2024-04-18,70290.11,278.0,-0.000614218213247697,0.006818889171830378
2024-04-19,70909.9,278.0,0.008817598948130723,0.0
2024-04-21,70909.9,276.1941833496094,0.0,-0.006495743346728866
2024-04-22,71433.46,278.1499938964844,0.007383454214432872,0.007081287966152816
2024-04-23,71359.4,278.1499938964844,-0.0010367690435267862,0.0
2024-04-24,72051.89,278.0,0.009704257603062816,-0.0005392554369071378
2024-04-25,71971.4,278.25,-0.0011171115705640444,0.0008992805755396738
2024-04-26,72742.74,278.25,0.010717312710326832,0.0
2024-04-28,72742.74,277.59100341796875,0.0,-0.0023683614807951114
2024-04-29,71695.03,278.0,-0.014402949352746441,0.0014733783768035025
2024-04-30,71102.54,278.0,-0.008264031690899731,0.0
2024-05-01,71102.54,278.25,0.0,0.0008992805755396738
2024-05-02,70657.64,278.25,-0.006257160433368436,0.0
2024-05-03,71902.09,278.25,0.017612391243183367,0.0
2024-05-05,71902.09,276.2124938964844,0.0,-0.007322573597540405
2024-05-06,72764.24,278.0,0.01199061112131794,0.006471488955114069
2024-05-07,72761.19,277.75,-4.191619399862567e-05,-0.0008992805755395628
2024-05-08,72601.81,277.79998779296875,-0.0021904534546508536,0.00017997405209269068
2024-05-09,72658.05,277.79998779296875,0.0007746363348242191,0.0
2024-05-10,73085.5,277.79998779296875,0.005883037048200368,0.0
2024-05-12,73085.5,276.7896728515625,0.0,-0.003636843001444623
2024-05-13,73799.11,276.68707275390625,0.009764043483317497,-0.0003706789223717477
2024-05-14,74531.19,277.8999938964844,0.009919902828096516,0.004383728992127356
2024-05-15,74663.98,278.0,0.0017816701974031623,0.00035986364056150855
2024-05-16,74930.69,278.0,0.0035721374617319057,0.0
2024-05-17,75342.34,278.0,0.005493743618268931,0.0
2024-05-19,75342.34,275.6209411621094,0.0,-0.008557765603923073
2024-05-20,75084.0,277.10662841796875,-0.003428882086752183,0.005390327924994498
2024-05-21,75206.77,278.20001220703125,0.0016351020190721322,0.003945715031447472
2024-05-22,74956.67,278.29998779296875,-0.003325498489032408,0.00035936585747919914
2024-05-23,75114.47,278.04998779296875,0.0021052162536037144,-0.0008983112143935434
2024-05-24,75983.03,278.04998779296875,0.011563151547231865,0.0
2024-05-26,75983.03,276.3893737792969,0.0,-0.005972357801030892
2024-05-27,75517.48,276.841064453125,-0.006127025995146584,0.0016342548472532137
2024-05-28,75517.48,277.3614501953125,0.0,0.0018797274284994003
2024-05-29,74836.3,278.1000061035156,-0.009020163278753435,0.002662792207363429
2024-05-30,74878.12,278.1499938964844,0.0005588197171693121,0.0001797475435874052
2024-05-31,75878.47,278.1499938964844,0.013359710420079995,0.0
2024-06-02,75878.47,276.627685546875,0.0,-0.005472976390486273
2024-06-03,75575.25,278.20001220703125,-0.003996126964605384,0.0056839092480851505
2024-06-04,74666.65,278.20001220703125,-0.012022454441103503,0.0
2024-06-05,74219.43,278.20001220703125,-0.0059895549083828215,0.0
2024-06-06,73862.93,278.25,-0.004803324412488763,0.00017968292873948855
2024-06-07,73754.01,278.25,-0.001474623332705538,0.0
2024-06-09,73754.01,278.4526062011719,0.0,0.0007281444786051416
2024-06-10,73252.56,276.5121765136719,-0.006798952355268506,-0.006968617438969482
2024-06-11,72589.49,278.25,-0.009051833819869182,0.00628479912978519
2024-06-12,72797.43,278.1499938964844,0.0028646020243425774,-0.0003594109740004958
2024-06-13,76208.16,278.25,0.04685234080378953,0.0003595401966927092
2024-06-14,76706.77,278.25,0.006542737680584443,0.0
2024-06-16,76706.77,276.8143615722656,0.0,-0.005159527143699494
2024-06-17,76706.77,278.25,0.0,0.00518628592671333
2024-06-18,76706.77,278.0,0.0,-0.0008984725965858198
2024-06-19,76706.77,278.25,0.0,0.0008992805755396738
2024-06-20,78801.53,278.0,0.027308671711766763,-0.0008984725965858198
2024-06-21,78810.49,278.0,0.00011370337606386727,0.0
2024-06-23,78810.49,276.72674560546875,0.0,-0.004580051778889427
2024-06-24,78232.09,278.1499938964844,-0.007339124525174379,0.005143154081119317
2024-06-25,77940.58,278.1499938964844,-0.003726220276104031,0.0
2024-06-26,78275.64,278.1499938964844,0.004298915917741342,0.0
2024-06-27,78528.25,277.0076599121094,0.0032271853669929573,-0.004106899189076141
2024-06-28,78444.96,277.0076599121094,-0.0010606374139242591,0.0
2024-06-30,78444.96,276.54779052734375,0.0,-0.0016601323765254028
2024-07-01,78824.33,278.1000061035156,0.0048361296888925764,0.005612829425293953
2024-07-02,79552.88,276.87237548828125,0.009242704631932774,-0.004414349472460666
2024-07-03,80233.67,278.0,0.008557704007698952,0.004072723072246154
2024-07-04,80282.8,277.08984375,0.0006123364417955912,-0.0032739433453237154
2024-07-05,80212.79,277.08984375,-0.0008720423303623104,0.0
2024-07-07,80212.79,277.14654541015625,0.0,0.000204632762388135
2024-07-08,80566.2,277.10894775390625,0.004405905841200708,-0.00013565984087715588
2024-07-09,80672.06,277.1142578125,0.0013139505152284237,1.9162349815138313e-05
2024-07-10,79841.55,278.20001220703125,-0.010294890201142715,0.003918074815428163
2024-07-11,79992.35,278.3999938964844,0.0018887408874201927,0.0007188414114960295
2024-07-12,79944.09,278.3999938964844,-0.0006033076912981272,0.0
2024-07-14,79944.09,276.13201904296875,0.0,-0.008146461577721587
2024-07-15,81155.6,278.0,0.015154466077480055,0.006764811134563065
2024-07-16,81155.6,277.12603759765625,0.0,-0.0031437496487185523
2024-07-17,81155.6,276.9833068847656,0.0,-0.0005150389841673819
2024-07-18,81839.86,276.7834167480469,0.008431457595039493,-0.0007216685329051176
2024-07-19,80117.89,276.7834167480469,-0.0210407251429805,0.0
2024-07-21,80117.89,276.5956726074219,0.0,-0.0006783070417687442
2024-07-22,78539.18,277.79998779296875,-0.019704837458899727,0.004354063728452484
2024-07-23,78987.09,278.1000061035156,0.005703013451375583,0.001079979567063516
2024-07-24,79397.0,278.1000061035156,0.005189582246921676,0.0
2024-07-25,78469.33,276.9702453613281,-0.011683942718238693,-0.004062426168257582
2024-07-26,78029.5,276.9702453613281,-0.005605119860205288,0.0
2024-07-28,78029.5,276.8448486328125,0.0,-0.000452744403472094
2024-07-29,78827.74,277.10205078125,0.010229977124036393,0.0009290479837631427
2024-07-30,78628.8,278.5,-0.0025237308592127583,0.005044889472339387
2024-07-31,77886.98,278.54998779296875,-0.009434456585882156,0.0001794893822935073
2024-08-01,77740.3,278.5,-0.001883241589287321,-0.00017945717163669883
2024-08-02,78225.98,278.5,0.006247467529711059,0.0
2024-08-04,78225.98,274.5263977050781,0.0,-0.014267871795051623
2024-08-05,77084.48,278.54998779296875,-0.014592338760089696,0.014656477925351075
2024-08-06,77191.34,278.54998779296875,0.001386271270169992,0.0
2024-08-07,77114.49,277.2432556152344,-0.000995578001366404,-0.0046911945252196
2024-08-08,77874.22,278.3999938964844,0.009851974641860384,0.004172286458990815
2024-08-09,78569.58,278.3999938964844,0.008929270816452561,0.0
2024-08-11,78569.58,276.86688232421875,0.0,-0.005506866400419752
2024-08-12,77980.29,278.3999938964844,-0.007500231005435065,0.005537359901609085
2024-08-13,77877.41,278.25,-0.0013193077378911289,-0.0005387711917125282
2024-08-14,77877.41,278.29998779296875,0.0,0.00017965064858493918
2024-08-15,78105.98,278.1222229003906,0.0029349974530481493,-0.0006387527861135833
2024-08-16,78045.3,278.1222229003906,-0.0007768931392960754,0.0
2024-08-18,78045.3,276.0028076171875,0.0,-0.00762044564832276
2024-08-19,77830.34,278.0,-0.0027542978244686767,0.007236130675824848
2024-08-20,77745.52,278.1499938964844,-0.0010898063660006452,0.0005395463902315711
2024-08-21,78260.85,278.25,0.006628420518635769,0.0003595401966927092
2024-08-22,78793.41,278.1499938964844,0.006804935034567139,-0.0003594109740004958
2024-08-23,78801.42,278.1499938964844,0.00010165824781527277,0.0
2024-08-25,78801.42,274.9138488769531,0.0,-0.011634532053003022
2024-08-26,78571.05,278.1499938964844,-0.0029234244763608475,0.011771487805184
2024-08-27,78084.23,278.20001220703125,-0.006195920762163798,0.00017982495647839158
2024-08-28,77992.78,277.080322265625,-0.001171171182708708,-0.004024765967921673
2024-08-29,78349.66,278.1499938964844,0.004575808170961482,0.0038605109959195527
2024-08-30,78488.21,278.1499938964844,0.0017683548339584299,0.0
2024-09-01,78488.21,277.4471130371094,0.0,-0.0025269849893887475
2024-09-02,78283.29,277.1629638671875,-0.0026108379844567153,-0.0010241561601106453
2024-09-03,78356.31,278.3999938964844,0.0009327661113884833,0.004463186610638381
2024-09-04,78848.01,276.6385498046875,0.006275180645949119,-0.006327026330509966
2024-09-05,78863.34,276.91033935546875,0.0001944246912508607,0.0009824717161550645
2024-09-06,78897.72,276.91033935546875,0.0004359440013572691,0.0
2024-09-08,78897.72,277.4342346191406,0.0,0.0018919310304241765
2024-09-09,78615.0,277.3418273925781,-0.0035833735119341625,-0.00033307795157055953
2024-09-10,79286.73,278.45001220703125,0.008544552566304153,0.003995736326077193
2024-09-11,78651.79,278.45001220703125,-0.008008149661361985,0.0
2024-09-12,79017.61,278.0,0.00465113381399207,-0.0016161328328355706
2024-09-13,79333.05,278.0,0.003992021525328404,0.0
2024-09-15,79333.05,277.11962890625,0.0,-0.0031668024955036067
2024-09-16,79491.13,277.8999938964844,0.0019926121584887824,0.0028159859816294652
2024-09-17,79491.13,277.3232116699219,0.0,-0.0020755028399797038
2024-09-18,80461.33,277.79998779296875,0.012205135340257467,0.0017192074192993179
2024-09-19,81459.28,277.8500061035156,0.012402852401271591,0.00018005152175937233
2024-09-20,82074.44,277.8500061035156,0.007551748554615267,0.0
2024-09-22,82074.44,275.9833679199219,0.0,-0.00671815059416736
2024-09-23,81850.5,277.8500061035156,-0.002728498665357959,0.006763589406356463
2024-09-24,81483.64,277.5,-0.004482074025204508,-0.0012596944244270825
2024-09-25,82247.91,277.8040466308594,0.009379428803131473,0.0010956635346284216
2024-09-26,81657.96,276.30023193359375,-0.00717282664082286,-0.0054132209933711595
2024-09-27,81292.13,276.30023193359375,-0.004480028646319356,0.0
2024-09-29,81292.13,277.3999938964844,0.0,0.003980315018899283
2024-09-30,81114.2,277.5,-0.002188772763120017,0.0003605122772747382
2024-10-01,81804.59,277.3999938964844,0.008511333404015664,-0.00036038235501123506
2024-10-02,81967.0,277.3999938964844,0.0019853409203567374,0.0
2024-10-03,82721.76,276.4282531738281,0.009208095941049432,-0.0035030308004219135
2024-10-04,83531.95,276.4282531738281,0.009794158151374077,0.0
2024-10-06,83531.95,277.183349609375,0.0,0.0027316181572512033
2024-10-07,84910.29,277.1000061035156,0.016500752107427186,-0.00030068005880157234
2024-10-08,85663.97,276.24267578125,0.008876191566416836,-0.0030939383016301836
2024-10-09,85669.27,277.25,6.186965185017712e-05,0.0036465191915084905
2024-10-10,85453.22,277.29998779296875,-0.002521907797276679,0.00018029862206936365
2024-10-11,85483.4,277.29998779296875,0.00035317569074622135,0.0
2024-10-13,85483.4,275.7743225097656,0.0,-0.005501858457859665
2024-10-14,85261.38,276.34716796875,-0.002597229403603407,0.0020772255145840024
2024-10-15,85840.34,277.5,0.006790413197628187,0.004171680280727008
2024-10-16,86205.66,277.3500061035156,0.004255807933659206,-0.0005405185458896566
2024-10-17,85585.43,277.45001220703125,-0.0071947712017982335,0.00036057725370408633
2024-10-18,85250.09,277.45001220703125,-0.003918190280752132,0.0
2024-10-20,85250.09,275.3249816894531,0.0,-0.007659147320535853
2024-10-21,86057.51,277.5,0.009471192347128232,0.007899821865783752
2024-10-22,86466.57,277.45001220703125,0.0047533329746585196,-0.0001801361908784216
2024-10-23,87194.53,277.45001220703125,0.008418976258685706,0.0
2024-10-24,88945.98,277.5,0.020086695805344723,0.00018016864577186098
2024-10-25,89993.96,277.5,0.011782207582625048,0.0
2024-10-28,90195.51,276.67779541015625,0.0022395947461362198,-0.002962899422860321
2024-10-29,90864.09,277.3999938964844,0.007412564106572539,0.002610250978968276
2024-10-30,90286.56,277.45001220703125,-0.006355976271814279,0.00018031114508798574
2024-10-31,88966.76,277.5,-0.014617901047509263,0.00018016864577186098
2024-11-01,90859.85,277.5,0.021278621363754358,0.0
2024-11-04,91938.0,275.8851318359375,0.011866077260748176,-0.005819344735360388
2024-11-05,92304.32,277.5,0.003984424285931931,0.00585340773283427
2024-11-06,92021.44,277.6000061035156,-0.003064645295041468,0.0003603823550113461
2024-11-07,92520.48,277.6499938964844,0.005423084011725976,0.00018007129636044006
2024-11-08,93291.68,277.75,0.00833545178321593,0.00036018766689727144
2024-11-11,93648.32,277.7520446777344,0.003822848940012724,7.3615760014522635e-06
2024-11-12,93224.56,276.39410400390625,-0.0045250144369916034,-0.0048890393422799105
2024-11-13,93355.42,277.70001220703125,0.0014037073492221275,0.004724804850057662
2024-11-14,94191.89,277.70001220703125,0.008960058237647006,0.0
2024-11-15,94763.64,277.75,0.006070055500531968,0.00018000644858262582
2024-11-18,94995.67,276.9686584472656,0.002448512952858195,-0.002813110900933835
2024-11-19,95856.66,277.6000061035156,0.009063465734806764,0.002279491332302541
2024-11-20,95546.45,277.75,-0.003236186197182356,0.0005403238227179585
2024-11-21,97328.39,277.8999938964844,0.01864998647254823,0.0005400320305468664
2024-11-22,97798.23,277.6000061035156,0.0048273684584734244,-0.0010794811067196264
2024-11-25,98079.78,276.091064453125,0.002878886458374641,-0.005435668649906078
2024-11-26,94574.16,277.75,-0.035742535311559576,0.0060086535222028115
2024-11-27,99269.25,277.5,0.0496445329252726,-0.0009000900090009312
2024-11-28,100082.77,276.4837646484375,0.008195085587933804,-0.003662109375
2024-11-29,101357.32,276.43817138671875,0.012734959274208757,-0.00016490393848889173
2024-12-02,103274.94,276.015869140625,0.018919403157068526,-0.0015276553305765272
2024-12-03,104559.07,277.6499938964844,0.01243409098083248,0.005920401464405645
2024-12-04,105104.33,277.70001220703125,0.005214851279759847,0.00018014879037075993
2024-12-05,108238.96,277.6000061035156,0.029823985367681827,-0.0003601227912121141
2024-12-06,109053.95,277.6000061035156,0.007529543890665513,0.0
2024-12-09,109970.38,276.84600830078125,0.008403455353978462,-0.002716130353589419
2024-12-10,108896.65,276.84149169921875,-0.009763810946183948,-1.631449046424205e-05
2024-12-11,110810.21,277.6000061035156,0.017572257732446417,0.002739887000468011
2024-12-12,114180.5,278.0,0.03041497710364416,0.0014409001717932135
2024-12-13,114301.8,276.7886962890625,0.0010623530287572347,-0.004357207593300383
2024-12-16,116169.41,276.0344543457031,0.016339287745249953,-0.002724973792180063
2024-12-17,114860.68,276.4068908691406,-0.011265702391016763,0.0013492392618896787
2024-12-18,111070.29,276.6611328125,-0.0329998916948776,0.0009198104380101491
2024-12-19,106274.97,276.68231201171875,-0.043173741600926685,7.655285367857978e-05
2024-12-20,109513.14,276.7654113769531,0.030469733371837115,0.0003003421672682638
2024-12-23,113924.41,275.6993408203125,0.04028073708780511,-0.0038518922987405
2024-12-24,112414.8,277.4239807128906,-0.013250979311632993,0.006255509670232362
2024-12-25,112414.8,276.6857604980469,0.0,-0.002660981984854982
2024-12-26,110423.32,276.6857604980469,-0.01771546095353993,0.0
2024-12-27,111351.17,276.4186706542969,0.008402663495355789,-0.000965318357074918
2024-12-30,115258.99,277.1708679199219,0.03509455715642695,0.0027212245245391564
2024-12-31,115126.9,276.76483154296875,-0.0011460277415237252,-0.0014649316502859389
2025-01-01,117008.08,276.76483154296875,0.016340056059878316,0.0
2025-01-02,117119.65,276.76483154296875,0.0009535238933926493,0.0
2025-01-03,117586.98,277.12689208984375,0.003990192935173553,0.0013081884170633717
2025-01-06,116255.12,276.48980712890625,-0.011326594151835567,-0.0022988925980195196
2025-01-07,116052.68,278.20001220703125,-0.0017413426608652305,0.006185418174665891
2025-01-08,114148.45,278.20001220703125,-0.0164083242196561,0.0
2025-01-09,112638.26,278.20001220703125,-0.013230052620075039,0.0
2025-01-10,113247.29,277.2867126464844,0.0054069549724933275,-0.00328288828351031
2025-01-13,114230.06,278.16534423828125,0.008678088455803312,0.003168675424116252
2025-01-14,114804.16,278.3999938964844,0.005025822449887585,0.000843561798992809
2025-01-15,114495.7,278.3999938964844,-0.0026868364351954055,0.0
2025-01-16,113836.74,278.3999938964844,-0.005755325309160009,0.0
2025-01-17,115272.08,278.6000061035156,0.012608758824260047,0.0007184346674433684
2025-01-20,115844.81,277.1271667480469,0.004968505816846491,-0.005286573306540032
2025-01-21,115042.25,277.2745361328125,-0.006927889130294185,0.0005317753091294009
2025-01-22,113443.43,278.5,-0.013897676723117036,0.004419676917611026
2025-01-23,114037.79,278.3999938964844,0.005239263305067521,-0.00035908834296449754
2025-01-24,114880.48,278.6000061035156,0.00738956796689938,0.0007184346674433684
2025-01-27,113520.32,276.65966796875,-0.011839783399233639,-0.006964601910470436
2025-01-28,112030.36,278.70001220703125,-0.013125051092174544,0.007374924770428448
2025-01-29,111487.36,278.75,-0.004846900429490764,0.00017936056971401548
2025-01-30,113206.4,278.29998779296875,0.015419147067434302,-0.001614393567825112
2025-01-31,114255.72,278.29998779296875,0.009269087260084241,0.0
2025-02-03,112745.01,281.7514343261719,-0.01322218266183961,0.012401892506623824
2025-02-04,111935.38,275.5766296386719,-0.007181071694436714,-0.021915787943608822
2025-02-05,111935.38,278.6000061035156,0.0,0.010971091666255983
2025-02-06,110301.16,278.70001220703125,-0.014599673490186982,0.00035895944481234565
2025-02-07,110322.93,278.8999938964844,0.00019736873120823617,0.0007175517785933394
2025-02-10,111377.96,278.77093505859375,0.0095631071437281,-0.00046274234749010823
2025-02-11,113010.38,278.75,0.014656580170798517,-7.509770912572655e-05
2025-02-12,112924.93,278.75,-0.000756125233806082,0.0
2025-02-13,112564.07,278.70001220703125,-0.0031955742633622553,-0.00017932840526901916
2025-02-14,112085.29,279.0,-0.0042533998637399595,0.0010763824177586478
2025-02-17,111743.53,276.8017272949219,-0.003049106622287301,-0.007879113638272872
2025-02-18,113088.47,277.6875,0.012035954117433079,0.0032000259309594714
2025-02-19,113342.43,279.0,0.0022456754433055615,0.004726536124240344
2025-02-20,113739.15,279.25,0.0035001896465427507,0.0008960573476701761
2025-02-21,112800.93,279.1000061035156,-0.008248874727831201,-0.0005371312318150911
2025-02-24,114330.1,278.0712890625,0.013556359863345246,-0.0036858366840525347
2025-02-25,114528.08,279.5,0.0017316524694721558,0.005137930428980253
2025-02-26,113862.32,279.5,-0.005813072217747739,0.0
2025-02-27,113784.3,279.5,-0.0006852135104923329,0.0
2025-02-28,113251.66,279.29998779296875,-0.004681137907426636,-0.0007156071807915554
2025-03-03,111986.88,278.57373046875,-0.011167871623250392,-0.0026002769636964684
2025-03-04,112743.79,279.5,0.006758916758820233,0.003325042636616926
2025-03-05,112253.76,279.6000061035156,-0.0043464034693174725,0.0003578035903957222
2025-03-06,113713.17,279.5,0.013000989900026516,-0.0003576756127773306
2025-03-07,114398.69,278.3293762207031,0.006028501360044736,-0.004188278280131907
2025-03-10,114356.34,278.8594055175781,-0.00037019654683112524,0.0019043239490994512
2025-03-11,114177.65,279.8500061035156,-0.001562571869648921,0.0035523298348101306
2025-03-12,114084.53,278.404052734375,-0.0008155711735177151,-0.005166887038071999
2025-03-13,115094.23,279.95001220703125,0.008850455009105973,0.005552934511809271
2025-03-14,115536.16,278.4954528808594,0.003839723329310374,-0.005195782328082821
2025-03-17,116199.59,277.9997253417969,0.005742184957505891,-0.0017800202263071885
2025-03-18,117001.09,279.95001220703125,0.006897614698984755,0.007015427309636779
2025-03-19,117974.02,280.0,0.008315563555860939,0.00017855970990909853
2025-03-20,118769.77,280.0,0.006745129139449579,0.0
2025-03-21,118442.17,280.0,-0.002758277632431305,0.0
2025-03-24,116439.62,278.043212890625,-0.016907407218223036,-0.006988525390625
2025-03-25,116633.16,280.1000061035156,0.0016621490176627063,0.0073973868720174085
2025-03-26,117772.31,280.0,0.009766947924586766,-0.00035703713436785467
2025-03-27,117806.74,280.04998779296875,0.0002923437606003887,0.0001785278320312056
2025-03-28,117806.74,280.0,0.0,-0.00017849596553354274
2025-03-30,117806.74,275.8041687011719,0.0,-0.014985111781529059
2025-03-31,117806.74,280.0,0.0,0.015213081508475002
2025-04-01,117806.74,280.0,0.0,0.0
2025-04-02,117806.74,279.8999938964844,0.0,-0.00035716465541291154
2025-04-03,118938.11,280.29998779296875,0.009603610116025507,0.001429060040038177
2025-04-04,118791.66,280.29998779296875,-0.001231312654959793,0.0
2025-04-06,118791.66,281.0068054199219,0.0,0.002521647012968087
2025-04-07,114909.48,280.29998779296875,-0.03268057707081462,-0.0025153043033847577
2025-04-08,115532.43,280.6000061035156,0.005421223731932212,0.0010703472123176905
2025-04-09,114153.15,280.5,-0.011938466108606938,-0.0003564009313625771
2025-04-10,116189.21,280.3999938964844,0.017836213893352992,-0.0003565279982731262
2025-04-11,114853.33,280.3999938964844,-0.011497453162819582,0.0
2025-04-13,114853.33,278.8634033203125,0.0,-0.005479995041437591
2025-04-14,116390.03,280.20001220703125,0.013379673014269455,0.004793059508003905
2025-04-15,116775.5,279.4176940917969,0.00331188161047824,-0.0027919988620712655
2025-04-16,116020.1,278.8681335449219,-0.006468822655437134,-0.001966806535503296
2025-04-17,116901.13,278.8681335449219,0.0075937703897859254,0.0
2025-04-18,117315.58,278.8681335449219,0.0035453036253798587,0.0
2025-04-21,118383.38,280.3999938964844,0.009101945368211073,0.005493135167829122
2025-04-22,118430.35,280.6000061035156,0.00039676177517478095,0.0007133103116438999
2025-04-23,117226.14,279.46490478515625,-0.010168086136704058,-0.004045264767174039
2025-04-24,115019.81,279.46881103515625,-0.018821143475337476,1.3977604819581657e-05
2025-04-25,115469.34,279.46881103515625,0.003908283277463287,0.0
2025-04-27,115469.34,280.70001220703125,0.0,0.004405504740635058
2025-04-28,114063.9,280.8999938964844,-0.012171542679641267,0.0007124391904393956
2025-04-29,114872.18,280.8999938964844,0.007086203435092031,0.0
2025-04-30,111326.57,280.6000061035156,-0.030865697856521823,-0.001067952294364627
2025-05-01,111326.57,280.41455078125,0.0,-0.0006609241562068879
2025-05-02,114113.93,280.41455078125,0.02503768866677536,0.0
2025-05-04,114113.93,280.2495422363281,0.0,-0.0005884450163593513
2025-05-05,114102.23,280.8999938964844,-0.00010252911279107213,0.0023209731404583156
2025-05-06,113568.5,279.84161376953125,-0.004677647404437213,-0.0037678182625491274
2025-05-07,110009.02,279.96112060546875,-0.03134214152691983,0.00042705169659273956
2025-05-08,103526.81,279.73944091796875,-0.05892435002148011,-0.0007918231182264535
2025-05-09,107174.63,279.73944091796875,0.03523551049240292,0.0
2025-05-11,107174.63,279.987548828125,0.0,0.000886925023307672
2025-05-12,117297.73,279.5299377441406,0.09445425657172768,-0.0016343979791233476
2025-05-13,118575.88,281.5,0.010896630309896072,0.007047768377720587
2025-05-14,118536.52,280.54754638671875,-0.000331939345506016,-0.003383494185723812
2025-05-15,119961.91,281.29998779296875,0.012024901692744061,0.002682045934605304
2025-05-16,119649.14,281.29998779296875,-0.002607244249445584,0.0
2025-05-18,119649.14,280.527099609375,0.0,-0.00274755853940023
2025-05-19,119689.63,281.16375732421875,0.00033840610973046026,0.002269505212616707
2025-05-20,118971.12,280.3999938964844,-0.0060031098767705515,-0.0027164362683261833
2025-05-21,119931.45,280.4014587402344,0.008071958976262561,5.224121903957268e-06
2025-05-22,119153.04,280.2604064941406,-0.006490457673946293,-0.0005030367770818556
2025-05-23,119102.67,280.2604064941406,-0.00042273365413081354,0.0
2025-05-25,119102.67,279.9809875488281,0.0,-0.000996997573820102
2025-05-26,118221.12,280.6180114746094,-0.007401597294166451,0.0022752399416769986
2025-05-27,118332.9,281.5604248046875,0.0009455163341371975,0.003358349398621563
2025-05-28,118332.9,281.54498291015625,0.0,-5.484398079724784e-05
2025-05-29,118971.4,280.69677734375,0.005395794407134558,-0.003012682228036412
2025-05-30,119691.09,280.69677734375,0.0060492689839743985,0.0
2025-06-01,119691.09,279.8917541503906,0.0,-0.0028679459770695193
2025-06-02,118877.8,280.3494567871094,-0.006794908459769156,0.0016352844624096807
2025-06-03,120450.87,282.2523498535156,0.01323266413072921,0.0067875753647392845
2025-06-04,121798.86,280.59600830078125,0.01119120185682343,-0.005868300312093067
2025-06-05,121641.0,282.0,-0.001296071244016539,0.00500360538883271
2025-06-08,121641.0,281.1230773925781,0.0,-0.003109654636247794
2025-06-09,121641.0,282.0,0.0,0.003119354752215031
2025-06-10,122024.44,282.0,0.0031522266341119654,0.0
2025-06-11,124352.68,282.0,0.019080112148025297,0.0
2025-06-12,124093.12,282.0,-0.0020872891521115378,0.0
2025-06-13,122143.56,282.0,-0.015710460015833205,0.0
2025-06-15,122143.56,280.8703308105469,0.0,-0.004005919111535916
2025-06-16,122225.35,282.70001220703125,0.0006696218777315632,0.006514327772549677
2025-06-17,121971.04,283.0,-0.0020806649357110185,0.0010611523877439577
2025-06-18,120465.93,283.29998779296875,-0.012339896421314389,0.0010600275369920809
2025-06-19,120002.59,283.29998779296875,-0.0038462327066249857,0.0
2025-06-20,120023.23,283.29998779296875,0.00017199628774688946,0.0
2025-06-22,120023.23,282.2789001464844,0.0,-0.003604262938516456
2025-06-23,116167.47,283.3999938964844,-0.03212511444659505,0.003971581827115767
2025-06-24,122246.63,283.38946533203125,0.05233100109695088,-3.7150898658744325e-05
2025-06-25,122761.64,283.45001220703125,0.004212876870307136,0.00021365252561200698
2025-06-26,122046.46,283.3999938964844,-0.005825761206839419,-0.00017646254504422032
2025-06-27,124379.06,283.3999938964844,0.019112393755623902,0.0
2025-06-29,124379.06,282.05145263671875,0.0,-0.0047584378574764274
2025-06-30,125627.31,283.5,0.010035853301994635,0.0051357557273317145
2025-07-01,128199.42,283.5,0.020474130983143768,0.0
2025-07-02,130344.03,283.1203918457031,0.01672870282876482,-0.0013390058352623635
2025-07-03,130686.65,283.70001220703125,0.002628582221985809,0.0020472575555208206
2025-07-04,131949.06,283.70001220703125,0.009659823708083382,0.0
2025-07-06,131949.06,282.5014953613281,0.0,-0.004224592154153717
2025-07-07,133370.14,284.0,0.01076991378339498,0.005304413120911899
2025-07-08,133403.19,284.0,0.000247806592989841,0.0
2025-07-09,132576.98,284.0,-0.00619333015949608,0.0
2025-07-10,133782.34,284.25,0.009091774454358381,0.0008802816901407606
2025-07-11,134299.76,284.25,0.0038676255774865442,0.0
2025-07-13,134299.76,282.9370422363281,0.0,-0.004619024674307415
2025-07-14,136502.53,284.45001220703125,0.01640189081499477,0.0053473732486373216
2025-07-15,135939.87,284.45001220703125,-0.004121974882077328,0.0
2025-07-16,136379.96,284.70001220703125,0.0032373872359889866,0.000878889046480591
2025-07-17,138665.49,283.15118408203125,0.016758547223507003,-0.005440210953955638
2025-07-18,138597.36,283.15118408203125,-0.0004913262845716027,0.0
2025-07-20,138597.36,283.68133544921875,0.0,0.001872326152921655
2025-07-21,138217.58,284.70001220703125,-0.002740167633784596,0.00359091921292376
2025-07-22,139419.61,284.70001220703125,0.00869665059972835,0.0
2025-07-23,139254.35,284.75,-0.0011853425784219551,0.0001755805789442899
2025-07-24,138692.66,284.75,-0.004033554427563701,0.0
2025-07-25,139207.28,284.75,0.003710506381520151,0.0
2025-07-27,139207.28,281.5276794433594,0.0,-0.011316314509712488
2025-07-28,139380.05,282.79998779296875,0.0012410988850581894,0.004519301093679262
2025-07-29,137964.81,282.79998779296875,-0.010153820435564453,0.0
2025-07-30,138412.25,283.0,0.0032431458427695237,0.0007072567739205837
2025-07-31,139390.42,283.0,0.007067076794142313,0.0
2025-08-01,141034.98,283.0,0.01179822831439914,0.0
2025-08-03,141034.98,278.00274658203125,0.0,-0.01765813928610871
2025-08-04,142052.64,282.3999938964844,0.00721565671154778,0.015817280111495746
2025-08-05,143037.16,282.29998779296875,0.006930670207889067,-0.00035412926939470957
2025-08-06,145088.49,282.29998779296875,0.014341238318769767,0.0
2025-08-07,145647.13,282.29998779296875,0.00385033988567951,0.0
2025-08-08,145382.79,282.29998779296875,-0.0018149344927016475,0.0
2025-08-10,145382.79,282.0174255371094,0.0,-0.0010009290403037996
2025-08-11,146929.84,283.5,0.010641218262491758,0.0052570314053006495
2025-08-12,147005.32,282.20001220703125,0.0005137145728872916,-0.004585494860559924
2025-08-13,146529.3,282.20001220703125,-0.0032381141036257333,0.0
2025-08-14,146529.3,282.0,0.0,-0.0007087604478362985
2025-08-15,146491.63,282.0,-0.00025708168946403376,0.0
2025-08-17,146491.63,281.9206237792969,0.0,-0.0002814759599402139
2025-08-18,148196.42,281.75,0.011637456692918269,-0.0006052192174150761
2025-08-19,149770.74,281.70001220703125,0.010623198590087313,-0.00017741896350931263
2025-08-20,150591.0,282.0155334472656,0.005476770696332345,0.001120061152153795
2025-08-21,149235.26,281.6000061035156,-0.009002795651798512,-0.0014734200583589319
2025-08-22,149493.05,281.6000061035156,0.0017274067804082804,0.0
2025-08-24,149493.05,279.2229919433594,0.0,-0.008441101238053417
2025-08-25,148815.3,281.6499938964844,-0.004533655577968365,0.008691984625740723
2025-08-26,148435.06,281.6499938964844,-0.0025551136207095926,0.0
2025-08-27,147494.03,281.6000061035156,-0.0063396747372217455,-0.00017748196006395212
2025-08-28,147343.5,282.0981750488281,-0.0010205836805733393,0.0017690658185900432
2025-08-29,148617.77,282.0981750488281,0.008648294631252718,0.0
2025-08-31,148617.77,281.8666076660156,0.0,-0.0008208751537382986
2025-09-01,149971.12,281.9790344238281,0.009106246177694732,0.00039886511830355964
2025-09-02,150975.48,281.54998779296875,0.006697022733443747,-0.001521555074958103
2025-09-03,152201.87,281.54998779296875,0.00812310714296105,0.0
2025-09-04,152665.72,282.5085754394531,0.0030475972469983237,0.0034046801209213218
2025-09-05,154277.19,282.5085754394531,0.010555545802947819,0.0
2025-09-07,154277.19,281.6527099609375,0.0,-0.0030295203506098822
2025-09-08,156087.3,281.50091552734375,0.011732842684002653,-0.0005389418536565493
2025-09-09,156563.52,281.29998779296875,0.0030509849295874414,-0.0007137729339125043
2025-09-10,157020.79,281.29998779296875,0.00292066759868459,0.0
2025-09-11,156141.24,281.3500061035156,-0.005601487548241302,0.00017781127876803637
2025-09-12,154439.68,281.3500061035156,-0.010897569405750818,0.0
2025-09-14,154439.68,282.6598815917969,0.0,0.004655679615657604
2025-09-15,155384.5,281.20001220703125,0.0061177282936613064,-0.005164756231214596
2025-09-16,156180.94,281.25,0.005125607766540474,0.00017776597012364448
2025-09-17,156177.81,281.25,-2.0040857738545803e-05,0.0
2025-09-18,157953.46,281.20001220703125,0.011369412850647631,-0.000177734375000016
2025-09-19,158037.37,281.20001220703125,0.0005312324275770219,0.0
2025-09-21,158037.37,282.7662658691406,0.0,0.005569891870972787
2025-09-22,157554.66,281.20001220703125,-0.0030544041577000858,-0.005539040017009
2025-09-23,157945.02,281.25,0.002477616339624511,0.00017776597012364448
2025-09-24,158236.67,281.1000061035156,0.0018465286211621912,-0.0005333116319444775
2025-09-25,159280.09,281.1000061035156,0.0065940467528795565,0.0
2025-09-26,162257.0,281.1000061035156,0.01868978100150498,0.0
2025-09-28,162257.0,280.95843505859375,0.0,-0.0005036323082460159
2025-09-29,163847.68,281.1000061035156,0.00980345994317644,0.0005038860815562707
2025-09-30,165493.58,281.0,0.010045305493492362,-0.0003557669916193218
2025-10-01,165640.33,281.0,0.0008867413467035234,0.0
2025-10-02,168489.62,281.04998779296875,0.017201668216913157,0.0001778925016682198
2025-10-03,168990.07,281.04998779296875,0.0029702126457404887,0.0
2025-10-05,168990.07,281.8876647949219,0.0,0.0029805267330955676
2025-10-06,167752.4,281.04998779296875,-0.007323921458817106,-0.0029716695924333347
2025-10-07,166173.74,282.2577209472656,-0.00941065522758544,0.004297218312589113
2025-10-08,165266.74,280.8999938964844,-0.005458142784774522,-0.00481023883500753
2025-10-09,164530.8,283.4219055175781,-0.004453043606959306,0.008977969654293094
2025-10-10,163098.19,283.4219055175781,-0.008707245087241966,0.0
2025-10-12,163098.19,280.9228515625,0.0,-0.008817434031834659
2025-10-13,158443.42,281.9342041015625,-0.028539679073078528,0.0036001077642395796
2025-10-14,165476.02,281.0,0.044385560473259034,-0.003313553616311027
2025-10-15,165686.38,280.8999938964844,0.0012712415974232005,-0.0003558936068172036
2025-10-16,164444.71,280.79998779296875,-0.007494098187189602,-0.00035602031217019103
2025-10-17,163806.21,280.79998779296875,-0.0038827640001311003,0.0
2025-10-19,163806.21,282.4516296386719,0.0,0.005881915660626236
2025-10-20,166242.9,281.7432861328125,0.014875443366890728,-0.0025078400388963695
2025-10-21,167346.83,280.79998779296875,0.006640464043877969,-0.003348077438832364
2025-10-22,166553.27,280.8999938964844,-0.0047420079603539556,0.0003561471077746514
2025-10-23,164590.41,280.70001220703125,-0.011785178399679519,-0.0007119319821944359
2025-10-24,163304.13,280.70001220703125,-0.007815036125130237,0.0
2025-10-27,162163.81,281.5095520019531,-0.006982799516460525,0.002884003419012293
2025-10-28,160101.02,280.70001220703125,-0.012720409072776495,-0.0028757098619384136
2025-10-29,158465.05,280.7099914550781,-0.010218360882397914,3.555129181642691e-05
2025-10-30,156732.87,280.70001220703125,-0.010930990776830574,-3.555002796706841e-05
2025-10-31,161631.73,280.6000061035156,0.031256111114407625,-0.00035627395499315817
2025-11-03,162803.15,281.0022888183594,0.007247463106408558,0.0014336518392494835
2025-11-04,161281.76,280.6000061035156,-0.00934496660537576,-0.0014315994241022034
2025-11-05,159578.19,280.6000061035156,-0.010562694752339064,0.0
2025-11-06,159096.78,281.24237060546875,-0.0030167656369582962,0.0022892533427678607
2025-11-07,159592.9,281.2913513183594,0.003118353495275006,0.0001741583701815319
2025-11-10,161538.4,280.9674377441406,0.01219039192846294,-0.001151523403405852
2025-11-11,157870.5,281.5043029785156,-0.022706056268973818,0.0019107738558084009
2025-11-12,158183.94,281.273681640625,0.001985424762701138,-0.0008192462262582856
2025-11-13,160657.49,280.54998779296875,0.01563717530363684,-0.002572917037367506
2025-11-14,161935.19,280.5,0.007952943868350104,-0.0001781778475985485
2025-11-17,161687.18,281.15289306640625,-0.0015315386359198158,0.002327604514817283
2025-11-18,160935.13,280.4100036621094,-0.004651265486849243,-0.0026422968520598555
2025-11-19,162226.27,280.3999938964844,0.008022735620246468,-3.56968920305345e-05
2025-11-20,162936.93,280.4100036621094,0.004380671515162193,3.5698166344078075e-05
2025-11-21,162102.92,281.22760009765625,-0.005118606322090269,0.0029157177877721097
2025-11-24,161984.08,280.9677734375,-0.0007331144929407785,-0.000923901708317465
2025-11-25,161692.49,280.25,-0.001800115171811889,-0.0025546468504853426
2025-11-26,163188.53,280.14788818359375,0.009252377769678688,-0.00036435973739967764
2025-11-27,165373.31,280.25,0.013388073291670688,0.0003644925438071045
2025-11-28,166677.69,281.1411437988281,0.007887488011215416,0.0031798173017951736
2025-12-01,168062.19,280.34228515625,0.008306450611356597,-0.002841486065624621
2025-12-02,167642.27,280.3999938964844,-0.0024985988817592952,0.0002058510017575177
2025-12-03,166145.34,280.20001220703125,-0.008929311205342128,-0.0007132014757709193
2025-12-04,166283.55,280.20001220703125,0.0008318620311589253,0.0
2025-12-05,167085.58,280.20001220703125,0.00482326724441462,0.0
2025-12-08,168303.24,278.9312438964844,0.0072876426559371765,-0.004528080853934524
2025-12-09,169456.38,281.26373291015625,0.006851561502915882,0.008362236446116889
2025-12-10,169451.86,280.0,-2.667353097018932e-05,-0.004493053182082041
2025-12-11,168574.69,279.8626708984375,-0.0051765144389680495,-0.0004904610770088969
2025-12-12,169864.52,280.0,0.0076513858634412735,0.0004907017471162956
2025-12-15,170741.34,278.4433898925781,0.005161878419342791,-0.005559321812220963
2025-12-16,170447.29,280.0,-0.0017221956908619607,0.005590400648485261
2025-12-17,170313.85,280.0,-0.0007828813236044896,0.0
2025-12-18,171960.64,280.0,0.009669149044543301,0.0
2025-12-19,171404.48,280.0,-0.003234228483913526,0.0
2025-12-22,171204.17,278.8296813964844,-0.0011686392327667772,-0.004179709298270051
2025-12-23,171073.73,279.8999938964844,-0.0007618973299540199,0.0038385888282748137
2025-12-24,170830.22,279.8500061035156,-0.0014234213517178018,-0.00017859161864519635
2025-12-26,172400.73,279.8500061035156,0.00919339681234388,0.0
2025-12-29,173896.34,278.8042907714844,0.008675195284845838,-0.003736699336159499
2025-12-30,174472.79,279.8999938964844,0.003314905880135388,0.0039300081141795395
2025-12-31,174054.32,279.8999938964844,-0.002398482880912267,0.0
2026-01-01,176355.49,279.8999938964844,0.013220987562962971,0.0
2026-01-02,179034.93,278.86895751953125,0.015193402825168567,-0.0036835884224221127
2026-01-05,182408.23,278.9871520996094,0.018841574658085003,0.0004238355574941455
2026-01-06,185062.1,279.8500061035156,0.014549069414247384,0.0030928091039768013
2026-01-07,186518.71,279.79998779296875,0.007870925489335656,-0.00017873256907618984
2026-01-08,185543.01,279.75,-0.005231110594749344,-0.0001786554508563798
2026-01-09,184409.67,279.75,-0.006108233341692526,0.0
2026-01-12,182384.14,278.7785949707031,-0.010983860011245627,-0.003472404036807375
2026-01-13,183951.5,278.78240966796875,0.00859372969601413,1.368360890841025e-05
2026-01-14,182569.81,279.7099914550781,-0.007511164627632794,0.0033272608132419723
2026-01-15,181456.33,279.5,-0.006098927308956559,-0.0007507470647928338
2026-01-16,185098.83,279.54998779296875,0.02007370037738565,0.00017884720203498183
2026-01-19,187761.69,278.8279724121094,0.014386152521871809,-0.002582777365006006
2026-01-20,188621.78,278.35382080078125,0.004580753400760251,-0.0017005166562963359
2026-01-21,187033.26,279.6000061035156,-0.008421720969868818,0.004476982924643602
2026-01-22,187688.16,279.6499938964844,0.0035015162543816647,0.00017878323275222208
2026-01-23,189166.82,279.5,0.007878280654464387,-0.0005363629528269964
2026-01-26,188587.66,276.2947998046875,-0.0030616362848411294,-0.011467621450134136
2026-01-27,188202.85,278.22955322265625,-0.0020404834547499417,0.007002496678679471
2026-01-28,188380.38,279.5,0.0009432907099971022,0.004566181998384211
2026-01-29,182338.12,278.2724304199219,-0.03207478400882302,-0.004392019964501337
2026-01-30,184174.48,278.3456115722656,0.010071179849830747,0.00026298384009271203
2026-02-02,185057.83,280.6584777832031,0.0047962671049754935,0.008309332408271253
2026-02-03,186900.73,279.5,0.009958508645648845,-0.004127713484208373
2026-02-04,187832.08,278.1883544921875,0.004983126604160226,-0.004692828292710227
2026-02-05,187832.08,278.1927490234375,0.0,1.5796963384939744e-05
2026-02-06,184129.58,279.3999938964844,-0.019711755308251977,0.004339598631829089
2026-02-09,182340.38,277.4590148925781,-0.009717069902619557,-0.0069469543532824085
2026-02-10,182153.55,279.3999938964844,-0.0010246221928462695,0.00699555213463765
2026-02-11,183049.8,279.5,0.004920299384777227,0.00035793165962871853
2026-02-12,180512.64,279.29998779296875,-0.013860490423917238,-0.0007156071807915554
2026-02-13,179603.73,279.29998779296875,-0.005035159864705374,0.0
2026-02-16,174453.93,278.0489501953125,-0.02867312388222687,-0.004479189589451704
2026-02-17,173150.41,278.2947082519531,-0.007472001347289758,0.0008838661554664284
2026-02-18,178853.09,277.84844970703125,0.03293483394004082,-0.001603546642064968
2026-02-19,172170.29,279.3500061035156,-0.037364744439137065,0.005404228089332941
2026-02-20,173169.71,279.29998779296875,0.005804834271929238,-0.00017905247701455185
2026-02-23,167691.08,277.4962463378906,-0.03163734581526989,-0.006458079247805615
2026-02-24,166258.54,277.416259765625,-0.00854273226697555,-0.0002882437990466835
2026-02-25,164626.29,278.35076904296875,-0.009817540801212332,0.0033686175357323656
2026-02-26,168893.08,277.3608093261719,0.02591803532716419,-0.003556518705518874
2026-02-27,168062.16,279.25,-0.004919798963936128,0.0068113107919527405
2026-03-02,151972.99,277.69110107421875,-0.09573344767198044,-0.005582449152305324
2026-03-03,157132.09,279.20001220703125,0.033947479746236464,0.005433775612453617
2026-03-04,155777.21,279.0,-0.008622554438116437,-0.0007163760683611686
2026-03-05,161210.67,279.04998779296875,0.03487968490384463,0.00017916771673376353
2026-03-06,157496.1,278.0475158691406,-0.023041713057826763,-0.0035924456824268924
2026-03-09,146480.14,276.4617919921875,-0.06994433512956821,-0.005703067952239627
2026-03-10,156177.12,279.04998779296875,0.0661999640360802,0.009361857138126206
2026-03-11,155858.47,279.0,-0.0020403116666513066,-0.0001791356214135842
2026-03-12,154421.43,279.04998779296875,-0.009220159802672323,0.00017916771673376353
2026-03-13,153866.16,278.94793701171875,-0.0035958092086052496,-0.00036570788645118313
2026-03-16,149178.66,277.8056640625,-0.030464788358921857,-0.004094932414469787
2026-03-17,150016.16,279.0,0.0056140737555894216,0.004299177777855823
2026-03-18,154292.25,279.0,0.02850419581463748,0.0
2026-03-19,152740.37,279.04998779296875,-0.010058055411078626,0.00017916771673376353
2026-03-20,152740.37,278.79998779296875,0.0,-0.000895896831880405
2026-03-23,152740.37,277.3409729003906,0.0,-0.005233195683141734
2026-03-24,153966.36,279.0,0.008026627145135246,0.005981904088168122
2026-03-25,158313.44,277.4689636230469,0.028233959677945286,-0.005487585580477128
2026-03-26,152907.96,278.79998779296875,-0.03414416362881134,0.004797020007362374
2026-03-27,151707.51,277.4356689453125,-0.007850801227091031,-0.004893539839999406
2026-03-29,151707.51,276.798583984375,0.0,-0.002296334005499112
2026-03-30,146842.97,278.38812255859375,-0.03206525504241686,0.0057425820296410635
2026-03-31,148743.31,278.75,0.012941307302624105,0.0012999025895226168
2026-04-01,155511.56,278.79998779296875,0.045502886818909793,0.0001793284052691302
2026-04-02,152011.26,278.75,-0.022508294560224296,-0.00017929625235801883
2026-04-03,150398.71,278.75,-0.010608095742381307,0.0
2026-04-05,150398.71,277.0132141113281,0.0,-0.006230622022141308
2026-04-06,151207.81,278.79998779296875,0.005379700397696308,0.006450138804290129
2026-04-07,151673.45,278.75,0.003079470564384401,-0.00017929625235801883
2026-04-08,165811.0,278.70001220703125,0.09321044652178734,-0.00017932840526901916
2026-04-09,165517.51,278.75,-0.001770027320262213,0.00017936056971401548
2026-04-10,167191.37,278.75,0.010112887754292421,0.0
2026-04-12,167191.37,277.1419677734375,0.0,-0.005768725476457348
2026-04-13,160591.33,278.75,-0.039475960990091874,0.005802196756707234
2026-04-14,165634.84,278.70001220703125,0.031405867303048174,-0.00017932840526901916
2026-04-15,168519.94,278.6000061035156,0.01741843684577482,-0.00035883063916530844
2026-04-16,169911.95,278.6499938964844,0.00826020944465089,0.00017942495288458815
2026-04-17,173939.01,278.6499938964844,0.023700863888620027,0.0
2026-04-19,173939.01,278.6259460449219,0.0,-8.630128149733629e-05
2026-04-20,172196.7,278.5,-0.010016786918587095,-0.000452025544317336
2026-04-21,173155.79,278.54998779296875,0.005569735076223825,0.0001794893822935073
2026-04-22,171579.3,278.6000061035156,-0.009104460208925302,0.00017956673034946746
2026-04-23,169173.37,278.5,-0.014022262592282342,-0.00035895944481234565
2026-04-24,170672.04,278.5,0.008858781970235707,0.0
2026-04-26,170672.04,276.9523620605469,0.0,-0.005557048256564223
2026-04-27,169497.35,278.5,-0.006882732520218315,0.005588101606855966
2026-04-28,168412.23,278.45001220703125,-0.006401987995682479,-0.0001794893822935073
2026-04-29,165823.87,278.5,-0.015369192605549031,0.00017952160451550903
2026-04-30,162994.17,277.3690185546875,-0.01706449137871391,-0.004060974668985584
2026-05-03,162994.17,278.54998779296875,0.0,0.004257754685202508
2026-05-04,163948.94,278.5,0.005857694173969419,-0.00017945717163669883
2026-05-05,164742.47,277.2386169433594,0.004840104486189434,-0.004529203075908872
2026-05-06,171704.75,278.5,0.04226159775314775,0.004549810089762296
2026-05-07,172894.27,277.7521057128906,0.00692770584389768,-0.002685437296622517
2026-05-08,171115.82,277.7521057128906,-0.010286344365258548,0.0
2026-05-10,171115.82,276.6022644042969,0.0,-0.004139811309954
2026-05-11,170506.31,278.29998779296875,-0.0035619734049137097,0.006137778345120193
2026-05-12,168916.22,277.24407958984375,-0.009325695922925092,-0.0037941367209491927
2026-05-13,167451.13,278.29998779296875,-0.008673471381256292,0.0038085870208197647
2026-05-14,166498.83,278.25,-0.0056870323896889285,-0.00017961838002644726
2026-05-15,165596.07,278.25,-0.00542202008266357,0.0
2026-05-17,165596.07,277.6938171386719,0.0,-0.0019988602383760323
2026-05-18,161805.02,278.29998779296875,-0.022893357312163354,0.0021828741472993407
2026-05-19,162896.68,277.1835632324219,0.00674676224507742,-0.004011586811054402
2026-05-20,164831.42,278.20001220703125,0.011877099029888205,0.0036670607836766234
2026-05-21,168514.44,278.25,0.0223441622962417,0.00017968292873948855
2026-05-22,167844.24,278.25,-0.003977107243747224,0.0
2026-05-24,167844.24,276.0338439941406,0.0,-0.007964621764094737
2026-05-25,171725.29,277.038330078125,0.023122926351240913,0.00363899610804852
2026-05-26,171725.29,278.20001220703125,0.0,0.004193218059676651
2026-05-27,171725.29,277.15985107421875,0.0,-0.0037388967906961668
2026-05-28,171725.29,278.25,0.0,0.00393328586934949
2026-05-29,173962.81,278.25,0.013029647525999222,0.0
2026-05-31,173962.81,278.20001220703125,0.0,-0.00017965064858493918
2026-06-01,170600.2,277.0572204589844,-0.019329476225406927,-0.004107806246954504
2026-06-02,171021.77,278.0,0.0024710990960150614,0.0034028333188853566
2026-06-03,170190.64,278.20001220703125,-0.004859790657060659,0.0007194683706159832
2026-06-04,171175.5,276.84222412109375,0.0057868047267464195,-0.004880618354995092
2026-06-05,170478.94,276.84222412109375,-0.00406927393230927,0.0
2026-06-07,170478.94,278.25,0.0,0.005085119812830552
2026-06-08,168953.7,278.25,-0.008946794249189871,0.0
2026-06-09,170330.56,278.0,0.00814933321969269,-0.0008984725965858198
2026-06-10,169427.44,277.0045166015625,-0.005302160692714164,-0.0035808755339478138
2026-06-11,169703.6,276.7464599609375,0.0016299602945071268,-0.0009315972309440479
2026-06-12,172399.9,276.7464599609375,0.015888289936100364,0.0
2026-06-14,172399.9,276.8097229003906,0.0,0.00022859529788399335
2026-06-15,177039.82,276.86956787109375,0.02691370470632526,0.0002161953347450396
2026-06-16,180392.97,277.95001220703125,0.018940089297424745,0.003902358587999588
2026-06-17,180511.02,276.8902282714844,0.0006544046588954355,-0.0038128580284338964
2026-06-18,181398.21,276.8858642578125,0.004914879989044385,-1.5760807808629096e-05
2026-06-19,178922.75,276.8858642578125,-0.013646551418561415,0.0
2026-06-21,178922.75,276.77069091796875,0.0,-0.00041595962348051074
2026-06-22,178471.86,276.8365173339844,-0.0025200261006496083,0.00023783738009730548
2026-06-23,177692.92,277.2627258300781,-0.004364497574015136,0.0015395674681875082
2026-06-24,179571.26,277.70001220703125,0.01057070816327399,0.0015771552979000347
2026-06-25,179571.26,276.1874694824219,0.0,-0.005446678639256741
2026-06-28,179571.26,277.14617919921875,0.0,0.0034712281429476466
2026-06-29,178414.79,276.2064514160156,-0.006440173110106806,-0.0033907297077605536
2026-06-30,180301.7,276.2325744628906,0.010575972989683269,9.457797506562393e-05
2026-07-01,184050.1,278.0,0.02078959876695552,0.0063983240953604525
2026-07-02,184520.96,277.75,0.002558325151684082,-0.0008992805755395628
2026-07-03,185372.2,277.75,0.004613242853278132,0.0
2026-07-05,185372.2,276.705810546875,0.0,-0.0037594579770476866
2026-07-06,187454.69,276.0443420410156,0.011234100906176714,-0.0023905118022352623
2026-07-07,186255.55,277.79998779296875,-0.006396959179842399,0.006360013536130582
2026-07-08,181629.36,277.75,-0.02483786389184106,-0.00017994166726176264
2026-07-09,181259.67,277.70001220703125,-0.0020354088127600978,-0.00017997405209269068
2026-07-10,182241.77,277.70001220703125,0.0054181936886454896,0.0
2026-07-12,182241.77,276.86309814453125,0.0,-0.0030137343381752
2026-07-13,179927.04,277.70001220703125,-0.0127014240478458,0.003022844388106627
2026-07-14,173518.81,277.75,-0.0356157140138581,0.00018000644858262582
2026-07-15,175285.78,275.3025817871094,0.010183161122416573,-0.008811586725078757
2026-07-16,178123.56,277.70001220703125,0.01618944788333665,0.008708347028055785
2026-07-17,175802.78,277.70001220703125,-0.0130290456804254,0.0
2026-07-19,175802.78,276.3172912597656,0.0,-0.004979189364366254
2026-07-20,175927.73,276.4831848144531,0.0007107396140153543,0.000600373411056454
2026-07-21,176133.56,277.5,0.0011699690549067387,0.003677674597929892
2026-07-22,174429.92,277.54998779296875,-0.0096724326698443,0.0001801361908784216
2026-07-23,171739.44,277.00189208984375,-0.015424418012689678,-0.0019747639244496185
2026-07-24,171021.2,277.00189208984375,-0.0041821494235685375,0.0
2026-07-26,171021.2,276.45440673828125,0.0,-0.0019764679130239715
2026-07-27,178262.33,277.5,0.04234054023711664,0.0037821544393343842
2026-07-28,177623.88,277.510009765625,-0.0035815194382345927,3.607122747739666e-05
2026-07-29,176042.98,277.54998779296875,-0.008900267238841963,0.00014405976698816936
2026-07-30,175547.98,276.3665771484375,-0.0028118133424007707,-0.004263774803023868
2026-07-31,176094.11,276.3665771484375,0.00311100133422193,0.0
2026-08-02,176094.11,275.5045166015625,0.0,-0.003119264839365865
2026-08-03,178200.02,276.61651611328125,0.01195900305808073,0.00403622969755868
2026-08-04,177083.22,277.3999938964844,-0.006267114897068993,0.0028323608228884023
2026-08-05,180014.93,277.29998779296875,0.016555549419080995,-0.0003605122772747382
2026-08-06,181776.59,276.171630859375,0.00978618829004918,-0.004069083964173048
2026-08-07,181430.02,276.171630859375,-0.0019065711376806682,0.0
2026-08-09,181430.02,275.4126281738281,0.0,-0.002748300696871153
2026-08-10,181310.28,275.4126281738281,-0.0006599789825300073,0.0
2026-08-11,179846.68,275.4126281738281,-0.008072349786233834,0.0
